user_name,user_rank,num_response,user_star,time,rating,content
성아,3,1,5.0,2024.04.19.,5.0,인테리어도 이쁘고 음료도 맛있어요 달아요! 층마다 분위기달라서 잼있게 구경했어요
⚜𝕲_𝕽𝖎𝖉𝖉𝖑𝖊,3,2,5.0,2024.04.16.,5.0,너무너무 분위기도 좋고 음료도 맛있어요!
Michaela | 미카엘라,21,23,4.7,2024.04.10.,5.0,"A bit expensive, but definitely worth it for the experience! Yummy drinks and nice atmosphere 🤩"
이소민,2,1,5.0,2024.04.07.,5.0,옛날에 갔었는데 해리 포터를 너무 좋아하는 터라 ㅎㅎ너무너무 좋았구용! 다음에 또 가고 싶은 명 장소네용 ㅎㅎㅎ꼭 가보시길 원츄원츄!!이색카페
아연,2,3,4.3,2024.04.04.,3.0,
이복근,3,1,5.0,2024.03.30.,5.0,아이들을 위한 메뉴가 있는곳
한시영,10,24,4.5,2024.03.24.,5.0,분위기 깡패 특색있고 좋아요
박현지,3,3,3.3,2024.03.22.,5.0,해덕에게 최고의 장소🥰🥰층마다 다르게 꾸며져 있어요!!!분위기짱...❣️
햄스터,19,20,3.8,2024.03.22.,5.0,쮝쮝~(분위기 갓 카페마법류 좋아하시면 한번쯤은 들러야한다고 생각해요..)
민쟁💚,2,1,5.0,2024.03.20.,5.0,분위기가 정말 좋고 친구나 연인끼리 오면 정말 좋을 것 같아요!!!
🌙,7,10,2.4,2024.03.15.,5.0,너무 이쁨 해리포터먄 무조건 해야함여
이승기,3,1,5.0,2024.03.14.,5.0,해리포터가 생각나요~!
조원준,3,1,5.0,2024.03.13.,5.0,너무 재미있었어요!!! 해리포터 덕후들 모여라~~ 헤헤 아부라카타브라~~
이소연,2,1,5.0,2024.03.08.,5.0,분위기가 넘 쪼아용 🤍
Wonder lee,3,2,3.5,2024.03.06.,3.0,라떼 별로야! 그냥 분위기 괜찮아요 영화 좋아하는 분 오세요
뉴진스의하입보이요,24,145,4.6,2024.03.06.,5.0,맛있고 재밌는 카페에여
박희선,3,1,5.0,2024.03.06.,5.0,이색카페 실내놀거리 아메리카노 해리포터를 좋아하신다면 즐겁게 시간보내다 갈 수 있어요ㅎㅎㅎ 분위기도 신비롭고 재미있음!!
김춘식,28,190,3.8,2024.03.05.,1.0,
전사의 긍지,34,234,4.1,2024.03.03.,3.0,Only for picture.아메리카노 만원.高額對比虛無.
그린애플,3,1,5.0,2024.03.01.,5.0,해리포터 테마의 카페에요. 분위기가 좋어요.
Diana,3,1,5.0,2024.03.01.,5.0,I love this place. it's a great atmosphere and has good options for snacks or some food. The drinks are so delicious and creative.
나영찬,2,1,5.0,2024.03.01.,5.0,층별로 잘 꾸며놓아서 구경하기에 좋았습니다~
냠냠,8,14,4.4,2024.02.28.,5.0,이색카페
es,22,39,4.8,2024.02.22.,4.0,컨셉은 매우 확실하지만음료는 만원대비 양과 맛 모두 아쉬워요
박지원,2,1,5.0,2024.02.21.,5.0,컨셉카페라서 심심하지 않고 좋아요 재밌는 구경!층별로 테마가 있어서 좋아요
진짜맛집만,9,22,4.0,2024.02.20.,4.0,한번쯤 가볼만은 함
JK,13,27,4.6,2024.02.16.,5.0,이색적인 테마카페라서 신선했습니다!
조각,2,1,4.0,2024.02.16.,4.0,분위기가 특별하고 해리포터 좋아하시는 분들은 진짜 좋아하실 것 같아요! 데이트코스로도 굿
Joonki,3,1,5.0,2024.02.16.,5.0,아이들이 해리포터 소설과 영화를 보고 관심이 많아 방문하게되었어요~! 음식이 생각이상으로 맛있어서 아이들과 잘 먹고 구경도 잘해서 좋은 추억 만들었어요
김 현,2,1,5.0,2024.02.16.,5.0,"5학년 딸아이가 오고싶어해 방학을 이용해 둘이 데이트했는데 너무 좋아하네요! 이색적이고, 입장료 포함한 음료라 나쁘지 않은 가격이었어요. 강추강추!♡"
ㅣㅣㅣㅣㅣ,7,10,2.5,2024.02.15.,1.0,"카페분위기는,특이하고 좋은데 가격은 홍대상권이나 분위기 느끼기에 적당하다고 생각했는데 맛은 없네요 딱 들어가서 로비만 보고 그냥 나가시는것도 나쁘지않을듯"
은지,3,1,5.0,2024.02.14.,5.0,들어오자마자 설렘가득하고 꾸며놓은게 사진도 예쁘게 나와요. 음료 후기보고 걱정했는데 맛나네요!
정아름,2,1,5.0,2024.02.09.,5.0,오픈초에 방문하고 2번째로 왔는데 그동안 볼거리도 많아진 것 같고 음료도 여전히 맛있어요! 해리포터 좋아하시면 꼭 가보시길 추천합니다🪄🧙‍♀️
최지호,2,1,5.0,2024.02.08.,5.0,
이재경,4,2,5.0,2024.02.08.,5.0,진짜 해리포터 느낌이 나고 큐알코드를 찍고  코드를 입력하는게 있는데 코드를 다 입력하고 직원분에게 보여주면 입학증을 주는데 진짜 너무리얼해요ㄷㄷ#review event #jelly bean present
로망 (Romain),8,7,3.7,2024.02.07.,2.0,"The concept is really good, the atmosphere incredible and the food/drinks are tasteful. But this is clearly way too overpriced..."
롱:D(도도한작업실),2,1,5.0,2024.02.02.,5.0,방학이라 아이들 데리고 방문해봤습니다주중이라 생각보다 조용하고 사진 찍기도 좋았어요아이들이 칠면조고기 잘먹어서 다행이였습니다 ㅎ이색적인 체험해서 좋아하네요 😊
0,2,1,5.0,2024.02.01.,5.0,친구랑 왔는데 분위기도 너무 좋고 음료도 맛있어요 !! 해리포터 안 본 저도 좋았어요 😍
맹맹,22,27,4.1,2024.01.23.,3.0,맛은 무난했어요! 테이블 배치가 신기하더라고요옆테이블이 외국인 손님이셨고 따뜻한 물을 찾으셨는데 정수기가 얼어서(?) 안된다고 하시면서 쏘리~ 하고 그냥 가시더라고요. 많이 바쁘셔서 그랬겠지만 괜히 신경쓰였네요😅
이호연,3,1,3.0,2024.01.21.,3.0,해리포터 분위기나 포토존을 잘 꾸민것같은데 직원들도 은근 불친절하고 맛도 비싼데 별로였어요그래도 사진은 이쁘게 나왔어요
탐방,7,10,3.0,2024.01.20.,3.0,한 번쯤은 들려서 분위기에 취해볼만은 하지만 음료수나 자리의 편안함이 다른 카페보다 낫다는 느낌은 전혀 없네요. 재방문까지는 어려울 거 같아요.
하루나,4,5,4.2,2024.01.18.,4.0,음식 가격이 조금 비쌌지만 테마가 해리포터라 너무 좋았어요. 층마다 테마가 다 달라 보는 재미도 있고 음료도 테마가 있어 재밌는 경험이라 생각합니다 :)
Valeriya ☆,10,10,4.6,2024.01.14.,5.0,Nice place. Spent around 2 hours walking around and observing details)My Instagram: @Alice_damon
L,5,6,3.0,2024.01.13.,1.0,12000짜리 음료수를 일회용잔에 줌 심지어 받으러가야함 인테리어 볼거없음 해리포터ㅋㅋ 컨셉은 무슨 걍 촌스러운 일반카페나 다름없는데 해리포터 컨셉 은근슬쩍 갖다쓰고 돈벌면서 화장실청소 자리청소도 안함 직원들이 1층에서 주문받고 음료만 만듬ㅋ
ㅇㅇㅇ,2,2,3.0,2024.01.11.,5.0,분위기 좋고 음료도 맛있어요
박연지,2,1,5.0,2024.01.11.,5.0,
💗,3,1,3.0,2024.01.11.,3.0,분위기가 색다르고 좋아요~
오잉,2,5,4.2,2024.01.09.,4.0,
jingyu.kang,5,2,5.0,2024.01.04.,5.0,음료도 맛있고..사진 찍을곳이 많아요.특히 아이들도 좋아해요.
olivia,2,1,5.0,2024.01.04.,5.0,아이가 해리포터를 너무좋아해서 꼭 와보고싶었어요 사진찍기도좋고 음료도 이색적이에요^^
..,10,13,3.0,2024.01.04.,3.0,포토존 많음. 사진찍거나 해리포터 팬이라면 방문하기 좋은곳. 입장료가 음료가 포함되어있는건 이해가 가지만 맛은 별로. 시그니쳐 드링크 2잔 시켰는데 설탕을 때려박아 당뇨오기 딱좋은 맛. 나갈때보니 나뿐만 아니라 음료 남기고 간 사람들이 대부분
소연,2,1,5.0,2024.01.04.,5.0,이색카페
최지은,2,1,5.0,2024.01.04.,5.0,해리포터 분위기도 좋고 커피도 맛있어요
리마,3,1,5.0,2024.01.04.,5.0,입구부터 너무 재밌어요! 해리포터 매니아가 아니어도 그냥 들어오시면 갑자기 기분이 묘해집니다^^ 멋진 사진도 잔뜩 건질 수 있어요! 어색함 사이랑 와도 재밌는 카페예요~ ㅋㅋ
지민,2,1,5.0,2023.12.29.,5.0,생각보다 가게 넓고(4층짜리) 잘해놨어요 이색카페 추천
녕,19,39,3.8,2023.12.28.,4.0,분위기 독특한 이색카페
hy,2,1,5.0,2023.12.22.,5.0,데이트 오기도 딱이구 아쥬좋아요!!!사진도 잘나오구 완전최공 ㅠㅠ👍🏻
이하늘,3,1,5.0,2023.12.22.,5.0,넘넘 와보고 싶엇던 해리포커 카페! 신기한게 너무 많고 볼것도 많아용 시간 많이 있을때 천천히 구경하기 너무 좋을거 같아요!
아인,3,1,5.0,2023.12.16.,5.0,손이 얼었어서 결제하는데 고생했는데 직원분이 친절하게 다 도와주셔서 좋았슴다가성비는 모르겠고 분위기는 끝짱☆#영수증리뷰 #젤리빈증정
올리버민,4,2,5.0,2023.12.14.,5.0,동생들이 해리포터를 인상깊게 봐서 방문하게 되었어요! 와... 해외여행을 가서도 느끼기 어려운 분위기를 느낀 것 같아요. 컨셉에도 충실한데 에이드도 정말 맛있더라고요.
정민우,2,1,5.0,2023.12.13.,5.0,
oceanwaves,3,1,3.0,2023.12.09.,3.0,"That is the biggest overated café in Korea. As a big Harry Potter fan, I was super excited to come and visit but oh God, the disappointment and the let down I felt each minute passed in this café. The decorations are so lame : few brooms, portraits, few howls in cages. That's literally the only thing Harry potter's related. Even the music, we only heard once the Harry Potter song. Everything else is only wooden art deco. The prices are EXPENSIVE like really. We had butter bear (6/10), mango ade (10/10) and carrot cake (7/10). We were so disappointed especially about the ambiance and decorations of the place.if you want to come only for pics and the experience go ahead but don't expect too much."
먹는게삶의낛,21,52,3.8,2023.12.06.,3.0,사실 분위기만 좋지 맛난건 잘…개비쌈
John,11,35,2.2,2023.12.04.,1.0,Overrated
맛집만평가,9,117,4.2,2023.12.03.,5.0,
한승수,8,14,4.3,2023.11.29.,5.0,Love this place except their pricing is rather roberry
월요일,11,15,2.1,2023.11.18.,1.0,지하 냄새 너무 심함전체적으로 깔끔한 느낌 없음가격 대비 돈이 아까움...
엄지,3,1,5.0,2023.11.18.,5.0,서울여행와서 내려가야하는대 아들이 여긴 꼭가고싶대서왔어요 ! 너무좋구 분위기좋구 맛도좋구 ㅎㅎ 다음번에 꼭 또 방문할게요 !
이요르,41,215,3.3,2023.11.17.,5.0,한번쯤은 가볼만 해요 괜찮아요 금요일 이었는데 안북적 거렸고 쾌적햇어요다만 조명이 어두워서 먼지 날라다니는게 잘 보여숨이 조금 막힌다고 해야되나 조명들 때문에먼지가 눈에 더 잘 보여 깔끔 떠는 사람들한테는 비추
김찬섭,3,1,5.0,2023.11.17.,5.0,분위기가 너무좋아요
류승연,3,1,5.0,2023.11.17.,5.0,이색카페 해리포터 콘셉트맛은 평범한데 입장료라고 생각하면 좋아요 ㅎㅎ
5점 잘 안 준다,64,206,3.9,2023.11.10.,2.0,일회용 종이컵에 주는데 라떼 만 원이라고요?
꾸리,17,22,4.0,2023.11.07.,4.0,"해리포터 보러 런던까지 다녀온 매니아로서, 테마카페 분의기 마음에 들었어요!저작권 특성상(?) 완벽하게 모방할 순 없겠지만 해리포터 속 재밌고 인상깊은 부분들을 표현하려고 노력 많이 하신 것 같아요!층이 많아 뭔가 엄청 많은 줄 알았는데 그정도는 아니고, 그냥 잠깐 분위기 즐기러 가기 추천합니다~!"
기요미,1,1,5.0,2023.10.28.,5.0,
.,4,1,5.0,2023.10.27.,5.0,해리포터 카페라니... 홍대 쌔빠지게 다니면서도 몰랐네요 분위기 짱bbb 담에도 지나가다가 들릴 거 같아요 버터 맥주 있는 것 부터 대박
노윤숙,4,1,5.0,2023.10.27.,5.0,해리포터 덕후 아이와 오로지 이 카페 보기 위해 아침부터 세종에서 올라왔어요! 아이 눈에 하트 뿅뿅! 층별로 테마가 있어서 보는 재미도 있고 교복도 입어볼 수 있어서 사진 많이 찍었어요!
메리골드,15,48,4.7,2023.10.22.,5.0,해리포터 좋아하면 추천 합니다.
나영,2,1,5.0,2023.10.20.,5.0,해리포터를 좋아해서 멀리 와서 방문해보았는데 짱 좋았음 음료수도 짱맛있음 다시 방문할것같음
Mr. Lee,4,1,5.0,2023.10.19.,5.0,분위기 맛집. 해리포터를 좋아하는 울 땔램이 너무 좋아하네요. 사진 많이 찍고가요~!
.,13,18,3.7,2023.10.18.,4.0,해리포터 좋아하면 추천합니다! 잘 꾸며져 있어요! 음료도 후기보고 잘시켜서 맛있게 먹었습니다
사공,2,1,5.0,2023.10.14.,5.0,분위기좋았고 마술이벤트도 있어서좋았습니다 ㅎㅎ또 오고싶네요
박일지,2,1,5.0,2023.10.13.,5.0,너무 멋지구 카페 메뉴하나햐가 이뻐요
안소연,3,1,4.0,2023.10.13.,4.0,해리포터 덕후로서 꼭 와봐야하는 곳!분위기가 다 했다! 음료나 디저트 비주얼은 훌륭하지만 맛은 쏘쏘.. 그렇지만 방문할 가치는 충분했어요!
86565,28,82,3.9,2023.10.07.,5.0,맛이랑 가격은 애매 직원도 좀.. 정말 분위기랑 사진 찍으러 가는게 메인인 곳이죠
고은,9,14,4.3,2023.10.07.,4.0,놀이공원 같고 흥미로움메뉴판은 좀 보기 힘듬
jsy,2,1,5.0,2023.10.02.,5.0,아이들이 너무 좋아하네요.음료도 맛이 있습니다.
stephanie🇰🇷🙏,3,2,5.0,2023.09.30.,5.0,해리포터 까페 분위기도 좋고 메뉴도 다양해요~
hi,12,17,4.7,2023.09.30.,5.0,해리포터 좋아하는 사람들이 오면 넘 만족할거같아용!
신명진,1,1,5.0,2023.09.29.,5.0,분위기 좋아요. 유니버셜스튜디오 못지 않네요!!
가빈,2,1,5.0,2023.09.28.,5.0,최고의 카페! 정말 감동적인 맛. 인테리어가 훌륭하다! 친절한 직원들과 해리포터 팬들을 위한 최고의 서비스다. 감동적인. 😹😹😹
늘,2,1,5.0,2023.09.22.,5.0,해리포터 분위기 대박메뉴는 다 너무 맛있어요
지우징,2,1,5.0,2023.09.22.,5.0,홍대올때마다 가는곳인데 너무 분위기가 너무 좋아욤
김지례,2,1,5.0,2023.09.20.,5.0,너무이쁘고ㅠ음료도맛있어요!
Sage Marjorie,2,1,5.0,2023.09.11.,5.0,"Very good drinks, the atmosphere is so nice, many floors. Loved it"
배춘식,13,26,3.2,2023.09.10.,4.0,어제 방문 했었습니다. 음료는 가격대가 상당히 있는편이에요. 그래도 입장료 포함 되어 있다 생각하니 낼만 햇어요. 지하부터 4층까지 구경했는데 지하가 으스스 하니 폐가 같고 좋더라구요. 근데 단 하나 단점이 음료가 심각하게 맛 업씁니다...그냥 거의 먹긴했는데 오실거면 음료는 포기 하고 오는게 나을듯 싶습니다. 5층이랑 6층은 아직 오픈안해서 담에 구경하러 갈거에오
김세현,2,1,5.0,2023.09.02.,5.0,"해리포터를 좋아하는 머글로써 이런 카페가 홍대에 있는 줄 몰랐네요, 다양한 음료도 있고 사진 찍을 수 있는 곳도 많아서 즐기고 갑니다! (해리포터 팬이라면 한번 가는거 추천해요 b)"
엘위 | Elwenz,4,4,4.8,2023.09.01.,4.0,따뜻한 코코아 음료는 훌륭했습니다
조한,2,1,5.0,2023.09.01.,5.0,
정선희,2,1,5.0,2023.08.31.,5.0,여기 카페가 너무 예쁜데 맛도 너무 있어요!!너무 맛있게 잘 먹었습니다~
문영현,2,1,5.0,2023.08.31.,5.0,해리포터카페 너무 이뻐요해리포터 좋아하시는 분들이라면 너무 좋아하실거 같아요!
40 서영운,2,1,5.0,2023.08.31.,5.0,#이색카페 #영수증리뷰 #젤리빈증정 #review event #jelly been present
이승현,4,2,5.0,2023.08.30.,5.0,분위기 좋아요 -!!
lexyc // 은설,3,2,4.0,2023.08.30.,4.0,"Very tasty! I had been here before and they had more decorations, but still very very enjoyable."
Junicorn,2,1,4.0,2023.08.30.,4.0,nice cafe
안솔비,3,1,5.0,2023.08.24.,5.0,"It’s very cute, I’ll give it 5 stars for all the decorations :) The food and drinks are very aesthetic, I loved the cake so much."
김유섭,3,1,3.0,2023.08.23.,3.0,해리포터 영화 속에 온 느낌이었어요~
Stef☆,3,1,5.0,2023.08.23.,5.0,I absolutely love this cafe! As a Harry Potter saga's fan it was a really nice evening!
마르티나 🗿,3,3,4.7,2023.08.23.,5.0,Great spot for Potterheads. A bit pricey but worth a visit!
수아,3,3,3.7,2023.08.23.,5.0,진짜 영화안에 들어온거같은 카페! 메뉴도 다양해서 보고 먹는 재미가 있어요
조병욱,3,6,3.5,2023.08.18.,3.0,
Alex Lee,6,9,4.9,2023.08.11.,5.0,
김형태,4,6,3.8,2023.08.05.,2.0,"시그니처 음료 맛이 다 최악이네요... 인테리어는 진짜 한 번쯤은 구경할만하다고 생각하고, 오시는 분들은 병맥주 추천합니다...."
고양이좋아,23,91,4.2,2023.08.05.,5.0,음료가 비싸고 맛없지만 볼거리가 많아 한번쯤 가볼만합니다
ㄱ.승빈💕,10,11,3.4,2023.08.04.,5.0,사진찍을거리가 많아요!해리포터 좋아하시는분들한테 추천합니다!!
ㅋ   ㅋ ㅋ,14,31,3.5,2023.08.01.,4.0,볼거리가 많음. 사진찍기 좋은데 조명이 너무어두워서 자리 잘잡아야함. 음료는 기본 만원 생각하고 가야 됨
냉철한미식가,18,83,4.4,2023.07.29.,3.0,가격은 비싸지만 해리포터 덕후라면 가볼만함
김지원,3,1,5.0,2023.07.27.,5.0,분위기 너무 좋고 케이크도 맛있어요!!!!
머여..왜여..,66,657,4.3,2023.07.24.,4.0,그냥 한번쯤 가볼만합니다 음료가 비싸요 …
초코크로와상,51,324,4.5,2023.07.21.,3.0,특이한 포토존 사진찍기 좋아요 메뉴도 특이해서 좋아요  다 좋은데 직원이 불친절 했었어요 21년 11월에 다녀 왔는데 직원이 시비조라 안올리려다 사진 남아서 올림
예성,3,2,5.0,2023.07.06.,5.0,가격대는 좀 있지만 분위기와 맛이 가격이 아깝지 않다고 생각합니다. 특히 흑맥에 크림이 올라간게 기가막힙니다. 버터비어 강추 드립니다 흑맥 그렇게 좋아하는편 아닌데 매우 만족
Swift,3,39,4.7,2023.07.04.,5.0,
김현정,1,1,5.0,2023.07.02.,5.0,이색카페로 검색해서 방문하게 된 카페로 분위기가 진짜 넘나 멋져요~헤리포터를 그대로 옮겨둔거 같은 모습이에요~주차하는게 좀 힘들긴 한데 근처 공영주차장을 이용하면 되구요~사진 찍을 곳도 너무 많아요~다시 방문하고 싶은 곳이에요~^^
ㅋㅆㅇ,37,695,3.8,2023.06.26.,4.0,
oluu,4,3,3.7,2023.06.25.,5.0,해리포터 마을 온거 같아요!!! 볼거리도 많고 신기한 물건들이 많아서 구경하기 재밌어요!!
??,4,2,5.0,2023.06.12.,5.0,매장이 너무 예뻤어요!!! 지하부터 4층까지 구경할거리가 잔뜩이라 유니버셜 스튜디오에 온줄알았어요...최고 bb
배고파 미쳐버림,32,175,4.1,2023.06.01.,3.0,해리포터 좋아하면 가볼만함~!벗가성비 맛 다 떨어짐
:3,5,7,4.9,2023.06.01.,5.0,재밌고 신기해요
므아,5,4,3.3,2023.06.01.,2.0,소품이 해리포터 아닌것도 많고.. 건물 내부에서 냄새가 좀 나는듯
리나,8,7,4.6,2023.05.23.,5.0,
임세진,2,1,5.0,2023.05.21.,5.0,신기해요 강추
Eva 은희,2,1,5.0,2023.05.09.,5.0,
NSH,4,5,4.2,2023.05.08.,4.0,"아쉽게도 지인 분 화장실이 급한관계로 도착은 했는데 바로 나왔습니다..카페 특징인지는 모르겠지만 화장실은 주문을 받아야 가능하더라구요.. 음료나 디저트를 먹지 못한게 아쉽네요..토요일에 갔었는데 줄이 길어서 화장실 기다리기 힘들었죠..분위기는 비록 주문대까지만 볼 수 있었지만 해리포터, 할로윈이 생각났습니다."
정진우,2,3,5.0,2023.05.05.,5.0,
박지은,10,11,4.8,2023.05.03.,4.0,층별로 테마 다른게 노력이 들어간게 보였어요!
Maarylaine,5,2,2.0,2023.04.23.,2.0,"The Harry Potter setting is interesting. Recommend visiting the 4th floor. However, drinks are overpriced and very disappointing."
냐냥펀치,9,9,3.7,2023.03.16.,5.0,너무 예뻐요 다음에 또와야겠아요 ㅎㅎㅎ해리포터감성 최고!!! 3ㅡ4층이 진짜 예빠요❤️❤️❤️
신수미-훈민정음맘,2,1,5.0,2023.02.27.,5.0,건물부터 신기한 카페예요.구경거리 마실거리 모두 만족스러워요.해리포터에 푹 빠져 있는 아들과 정말 좋은 시간이었어요.카페 모든 곳이 포토존이예요.음료도 맛있고 음료 가격에 입장료도 포함되어 있고 신기한 것들도 많아서 아이들과 와도 너무 좋은 것 같아요.다음 번에 다시 또 와보고 싶은 곳이에요~직원분들도 친절하시네요^^
김주영,2,1,5.0,2023.02.26.,5.0,너무 예쁘고 해덕으로서 와보길 잘했다 싶어요!!
김서현,4,3,4.0,2023.02.26.,2.0,분위기는 완전 좋은데 1인1음료에 1잔에10000이 기본...ㅎㅎ
무너,4,5,3.4,2023.02.23.,5.0,분위기가 너무 좋아서 해리포터 좋아하는 사람이라면 꼭 가봐야 할 것 같아요!
MJ,19,45,2.9,2023.02.03.,1.0,17000원짜리 케이크와 10000원짜리 차를 시키는데도 2명이라 1인 1차라서 유도리없이 입자 불가능한 집
맛집헌터,23,77,4.2,2023.01.27.,2.0,커피 종류가 술 보다 비싸고 케이크도 엄청 작아요.. 케이크가 실온 보관 된건지 레터링 크림 색이 바래져있더라구요. 음료 주문 안하면 안에 들어가지도 못하게 되어있어요. 해리포터 분위기는 잘 조성해 놨으나 굳이 갈 필욘 없다고 느낌..
유현선,3,1,2.0,2023.01.27.,2.0,해리포터 좋아한다면!!!!
라미97,45,452,3.3,2023.01.17.,3.0,아이들과 두번 갔는데점점 관리가 안되는 느낌
두루미,11,121,3.8,2023.01.10.,5.0,
조미,7,4,4.5,2023.01.09.,3.0,"핫초코 2, 아이스아메리카노 1, 케이크 1 주문했는데 40분 지나도록 안 나와서 물어보니 주문이 밀렸다고 했습니다. 그 정도로 주문이 밀렸다면 처음 주문 받을 때 대기시간이 길어진다고 미리 안내가 필요하다고 생각하구요, 그 정도로 손님이 많지 않아서 의아했습니다. 물어보자마자 3분 후에 음료가 나온걸 보면 주문 누락인 것 같은데 차라리 솔직하게 말씀해주셨으면 덜 기분 나빴을 것 같네요.해리포터 테마지만 공포 테마 소품들도 많아서 컨셉이 약간 중구난방이라 찐 해리포터 덕후들은 아쉬울 것 같은 곳입니다."
볼볼,11,22,2.8,2023.01.08.,1.0,볼거 별로 없어요..근데 직원들이 다 불친절함...
정답,5,8,4.0,2023.01.05.,5.0,내부 시설 잘 되어있고 층별로 나눠져 있어서 좋음 안에 포토박스도 있고 음료는 가격은 좀 나가지만 퀄리티 좋고 맛잇음 자리값이라거 생각하면 가격괜찮음
.,13,29,3.2,2022.12.31.,4.0,구경하면서커피마시기조아요
언제나청춘,41,564,4.7,2022.12.25.,5.0,좋아요.
앤쮸,73,681,3.5,2022.12.19.,4.0,"드래곤 레그 플레이트 세트와 히비스커스티,위자드 쇼콜라 주문했습니다. 드레곤 레그 플레이트 세트 양이 진짜많아서 남겼습니다. 고기도 겉바속촉하게 구워지고 감자튀김,나초, 파인애플, 무엇보다 푸짐하고 음식과 잘어울리는 소스가 환상조합이었어요 금방 배불러서 조금 남겼습니다히비스커스티는 당도없는 그냥 히비스커스티에요위자드 쇼콜라는 달달하고 진한 핫초코에 마녀모자모양 초콜릿이 올라가서 초코씹어먹는맛도 좋고 따뜻하고 달달한 핫초코도 좋았어요플레이트 세트가 많이 기름지는데 콜라나 사이다같이 탄산음료는 판매하고있지 않아서 아쉬웠어요"
Meltem,9,6,3.0,2022.12.05.,4.0,Good place but too pricey and crowded
..,15,26,3.7,2022.11.20.,1.0,외부음식 반입금지이해합니다케익이였고 안먹을 꺼고 카운터에 맡기겠다도 안됨
Pauline,12,13,3.3,2022.11.15.,4.0,Lovely atmosphere and musicSeveral floors and plenty of tablesNot a certified Harry Potter café
드디어,34,152,3.6,2022.11.03.,4.0,찾았다
cana,7,23,4.0,2022.10.16.,4.0,
.,11,14,2.5,2022.10.08.,5.0,분위기 최고최고❤️❤️❤️
imsunh,8,8,4.3,2022.10.02.,2.0,그냥 좀 더 잘 꾸며놓은 카페같은데 입장료 명목으로  음료를 12000원이나 받으면서 너무 맛이 없습니다.. 나갈때 사람들 반납해놓은 쟁반 보니까 다들 남기시던데요..
KYW,36,245,4.1,2022.10.01.,5.0,분위기 좋고 디저트도 겁나 맛있음 ㅎㅎ
김태은,2,1,4.0,2022.10.01.,4.0,2인분이라는데 양이 많아서 4명이서 배부르게 먹었네요 ㅎㅎ음료는 위저드 버터가 가장 맛있었어요분위기도 좋고 사진을 찍기에 매우 좋아요! 👍👍
♡소율소희♡,3,1,5.0,2022.10.01.,5.0,아이들과 함께 왔는데 신기해하네요. 시그니처 음료는 데코도 되어있어서 더 좋아해요. 단 커피는 맛이 그냥그랬어요~~
정은선(지호&지원맘),2,1,5.0,2022.10.01.,5.0,독특한 분위기로 아이들이 좋아해요. 메뉴도 독특한 메뉴가 많네요.
뎡대,2,1,4.0,2022.09.27.,4.0,한국에 이만한 해리포터 카페 없습니다최고공
seul,2,1,5.0,2022.09.27.,5.0,분위기갑 안에 포토존도 있고 너무좋아용👍👍
밍디,2,1,5.0,2022.09.26.,5.0,분위기 너무 좋아요 재방문하고 싶습니다!!
광성,3,5,3.8,2022.09.25.,4.0,분위기는 엄청 좋아요
최서윤,2,1,5.0,2022.09.25.,5.0,진짜 해리포터 좋아하면 여기 오세요ㅜㅜ 진짜 과몰입 가능한 카페ㅜㅜ 진짜 어디가도 포토존이에요!! 추천드립니다!!
개골맘,2,1,5.0,2022.09.25.,5.0,
김지원,2,1,5.0,2022.09.25.,5.0,분위기가 좋아요~
김주희,3,1,5.0,2022.09.25.,5.0,"해리포터 좋아한다면, 추천해요!!!"
이수민,2,1,5.0,2022.09.24.,5.0,해리포터 케이크 먹어보고 싶엇는데 드디어 먹어보네요 성덕되엇습니다ㅜㅜ
쑤우,2,1,5.0,2022.09.24.,5.0,분위기 독특하고 애들이 좋아하네요~
오혜영,3,1,5.0,2022.09.19.,5.0,대이상으로 너무 좋았어요 층마다 컨셉별로 잘 꾸며져 있어서 시간이 후딱 지나갔습니다
Aylin,2,1,4.0,2022.09.18.,4.0,
이형환,1,1,4.0,2022.09.18.,4.0,분위기 좋아요~
ㄴㄴ,5,3,3.7,2022.09.18.,5.0,헤리포터 영화를 좋아 했는데 여기서 그 분위기를 체험할 수 있어 좋았습니다.다음에 홍대를 들리면 꼭 방문할 예정입니다.
조영숙,2,1,5.0,2022.09.18.,5.0,해리포터 덕후인 아이들과 같이 방문했는데 건물외관부터 분위기 물씬.메뉴도 아이들과 함께 할 수 있어 좋았습니다. 다만 인기였던 위저드케잌 맛을 못봐서 아쉬웠어요.
톰이링,4,2,4.5,2022.09.17.,4.0,해리포터 분위기 너무 좋아요 포토부스도 생겨서 옷 입고 사진찍기 좋아요
서윤,2,1,5.0,2022.09.17.,5.0,해리포터 느낌 물씬 나요!!
현우,3,2,5.0,2022.09.16.,5.0,해리포터 분위기도 너무너무 재밌고 음료도 맛있는 카페입니다!
ᆞ,2,1,5.0,2022.09.15.,5.0,해리포터느낌 제대로 나는 곳!! 부산에서 놀러왔는데 재밌었어요 ㅎㅎ
정다빈,2,1,5.0,2022.09.15.,5.0,이색카페
할범,6,3,4.7,2022.09.13.,4.0,분위기가 너무 좋아요. 아이들 데리고 오길 잘했습니다
바나나,2,1,5.0,2022.09.12.,5.0,꼭 와보고싶었더 카페 도장찍기 성공적
박소희,2,1,4.0,2022.09.11.,4.0,잘꾸며놔서 좋아요!
JongHo Park,4,2,5.0,2022.09.11.,5.0,해리포터 추억으로 젖어드는 갬성 카페~ 각 층마다 컨셉이 다르고 포토존이 엄청 많아요! 너무 신기하고 즐거운 체험 공간이었습니다. 추천합니다 👍
Jeremy,2,1,5.0,2022.09.10.,5.0,궁금했던 버터맥주와 해리 생일 케익도 먹어보고 너무 좋았어요~!
모구모구,2,1,4.0,2022.09.09.,4.0,분위기가 좋아요!
쥬니,3,2,4.0,2022.09.04.,4.0,홍대에서 버터 맥주를 마실 수 있어서 좋았구요. 이색적인 데이트를 원하면 한번쯤 와봐도 좋을것 같아요🤗 아이들 부터 성인까지 연령대가 다양해요.버터음료는 너무 달달한데 버터먁주는 맛있어요!!
J.k,2,1,4.0,2022.09.04.,4.0,해리포터 좋아하시면 구경오기 좋으실듯싶네요.
최영훈,2,1,5.0,2022.09.03.,5.0,해리포터 진짜 좋아하는데분위기 너무좋고귀여워요ㅠㅠㅠㅠ
심승환,2,1,5.0,2022.09.03.,5.0,칠면조 맛있어용
강태윤,2,1,5.0,2022.09.03.,5.0,너무 분위기가 좋은카페 다음에 또올게요
김정연,2,1,4.0,2022.09.03.,4.0,분위기 너무 좋아요!
박영희,2,1,5.0,2022.09.03.,5.0,아이들이 해피포터 카페가보고 싶어해서 방문하게됬어용
bingbing,2,1,5.0,2022.08.31.,5.0,한번쯤 와보기 좋아요! 테마가 잘 꾸며져 있어요~
민트카레,5,4,4.0,2022.08.30.,5.0,해리포터 좋아하시는 분이라면 와볼만한곳이에요
ㅇㅅㅇ,31,113,2.9,2022.08.29.,1.0,남자알바 불친절해요 아아 한잔 만원임 알고가세요
츄,1,1,5.0,2022.08.28.,5.0,아이랑 즐겁게 구경하고 사진 백장찍고 갑니다
신이,4,3,5.0,2022.08.28.,5.0,홍대에서 놀다가 새로운 카페를 가고싶어서 찾았는데 분위기도 너무 이쁘고 재밌었어요! 음류 맛도 맛있었어요!
이희주,2,1,5.0,2022.08.28.,5.0,너무 예쁘고 음식도 맛있어서 좋았어요
Eunyoung Lee,2,1,5.0,2022.08.28.,5.0,지하1층부터 지상4층까지 사용할 수 있어요파란병 포션주스는 사과맛?인데 아이마시기에 적당하네요일요일 점심때인데 붐비는거 없이 좋아요!
무쭈,2,1,5.0,2022.08.27.,5.0,너무 맛있고 친절해요 ㅎㅎ 분위기 갑 해리포터 좋아하면 꼭 와야할 장소!! 추천합니다!
김대영,2,1,5.0,2022.08.27.,5.0,영화를 좋아하는 사람으로써 분위기 재현이 너무 좋았습니다이색카페
이주윤,2,1,5.0,2022.08.27.,5.0,해리포터 좋아하는 사람이라면 누구나 좋아할만한 카페에요.
얌,2,4,3.0,2022.08.27.,5.0,너무 좋앗어요! 해리포터 느낌 낭낭..🥺❤️
Mare,2,2,5.0,2022.08.27.,5.0,분위기 굿굿!!너무 좋아요~~이색카페로 오기 딱이예요
에싸 | Vanessa,2,1,5.0,2022.08.25.,5.0,좋았어요~~
zi shu,2,1,5.0,2022.08.25.,5.0,이색카페 예쁜 사진 많이 찍을 수 있어요 해리포터 팬이면 꼭 좋아해요음식도 너무 맛있어요
민송,3,2,5.0,2022.08.25.,5.0,좋아용
이은지,3,1,5.0,2022.08.24.,5.0,해리포터오타쿠들에게는 한번쯤가봐야할곳이에요~~ 음식도 꽤 맛있고 너무 좋았어요~~
가람,2,2,5.0,2022.08.24.,5.0,분위기가 좋아요
황성진,5,7,5.0,2022.08.24.,5.0,
박채린,2,1,5.0,2022.08.23.,5.0,최고의 카페입니다! 버터맥주까지 ㅠㅠ
맛있엉,4,5,4.8,2022.08.23.,4.0,초등학생 자녀와 왔어요분위기가 너무 좋은데 지하와 3층 움직이는 액자는 무섭다고 하네요ㅜ 그래도 재밌어 하며 잘 놀다 가요^^
🎹,5,3,4.7,2022.08.23.,4.0,저는 헤리포터를 안봤는데영화를 본 초등저학년 딸이 으시시한데너무 디테일 하다고 너무 좋아했어요!!음료에 풀?장식을 먹을뻔했네요ㅋㅋ
김진오,2,1,5.0,2022.08.22.,5.0,너무 예쁘고 아기자기하네용
이지영,2,1,5.0,2022.08.22.,5.0,해리포터 좋아하는 아이들 방학 기념으로 방문한 943킹스크로스 카페 너무 좋아요 이색적인 공간에서 맛있는 음료를 같이 마시니 외국에 온 것 같고 해리포터 영화 속에 들어온 기분입니다^^
Rumi,6,4,5.0,2022.08.22.,5.0,"위자드 쇼콜라, 위자드 그린티 맛있어요!각 층마다 잘 꾸며져 있어서 구경하는 재미도 있네요.음악도 영화에서 나온 노래들이라 좋네요.개인적으로 해리포터를 많이 좋아해서 잘 방문했습니다. 이색카페"
박수인,3,1,5.0,2022.08.21.,5.0,분위기가 완전 신박하고 층별로 분위기 나눠져있는것도 좋아요! 사진도 잘 찍고 잘 즐기다 왔습니당
*혜정*,2,1,5.0,2022.08.21.,5.0,너무 이뻐요.좋아요
김정미바틸다(플럼♡),2,1,5.0,2022.08.20.,5.0,헤리포터 덕후 딸과함께 찾은 까페!분위기가 좋고 무알콜버터맥주를 여기서 맛볼수 있다니~~너무 행복한 시간~^^
한채원,3,1,5.0,2022.08.20.,5.0,분위기도 좋고 맛도 좋네요...!재방문 하고 싶은 곳이에요🥰
김주연,2,1,1.0,2022.08.20.,1.0,불친절하고 아침부터 왔는데 블랜더 고장났다고 해서 애들 메뉴 하나도 못시킴. 그런데 한시간후 메뉴 버젓히 팔고있음 ㅡ 기다려달라 머 상황설명 하나없었음. 다시오기싫음
혜선(예은맘),1,1,5.0,2022.08.15.,5.0,해리포터 팬들이라면 꼭 한번와봐야할곳입니다~~ 너무 감동입니다^^
김수영,2,2,5.0,2022.08.15.,5.0,내부 정말 예쁘게 꾸며져 있어요🫢🫢 메뉴도 독특해용
skks,9,22,3.0,2022.08.15.,5.0,좋어요 ㅎㅎㅎㅎ
이지수,2,1,5.0,2022.08.15.,5.0,분위기 넘 좋아서 아이들이 참 좋아해요! 기대되는 공간이예요~!
미정(병돈💓혜일맘),3,2,4.5,2022.08.14.,4.0,중학생 딸내미랑 나들이 왔어용. 해리포터 덕후들이 참 좋아할만한 분위기네용!^^
이준성,2,1,5.0,2022.08.14.,5.0,분위기도 너무좋고 인생사진 잘 건질수 있습니다 ㅎㅎㅎ
유채원,3,1,5.0,2022.08.14.,5.0,되게 공들여 꾸민 느낌이 들고 분위기도 좋고 음료도 맛있어용ㅎㅎ
♥,3,1,5.0,2022.08.14.,5.0,멋져요. 분위기가 좋아요. 사진 찍기 좋아요.👍👍이색카페
호연♡세연,2,1,5.0,2022.08.14.,5.0,방학맞이해서 아이들과 꼭 와보고  싶던 킹스크로스 카페에 왔어요.  지하부터 사진찍을 포토존도 많고 시그니쳐 음료들도 비쥬얼 최고!!! 만족스런 방문이였어요
이지예,4,1,5.0,2022.08.13.,5.0,해리포터 영화 속에 온거같아요!! 아지기자기하고 이쁜 소품이 많아서 볼거리가 많아요
박성원,2,1,5.0,2022.08.13.,5.0,너무 이뻐요 음식도 너무 맛있어요!.! 해리포터 덕후분들은 한 번쯤 오실만 해용
🌿옌🌿,2,1,5.0,2022.08.13.,5.0,음료수 맛있어요! 분위기 좋아요!!
안진환,2,1,5.0,2022.08.13.,5.0,해리포터 광팬인데 실제처럼 너무 잘 꾸며논거 같아서 좋았습니다 버터맥주 맛 궁금했는데 너무 만족스럽네요
딸+딸+딸,6,3,5.0,2022.08.13.,5.0,아이들 천국이네요주차도 근처에 할만했어요
박재우,2,1,5.0,2022.08.12.,5.0,맛있어요~
강다,2,1,5.0,2022.08.12.,5.0,가게 분위기가 진짜 미쳤어요..! 꼭 가보시길 대신 좀 가격이 사악하다는 점!
꾸미꿈이,5,5,5.0,2022.08.12.,5.0,해리포터 덕후 아이가 너무 좋아하고 예쁘게 잘 꾸며져 있어요~
예선,5,4,5.0,2022.08.12.,5.0,분위기 좋고 맛도 괜찮아요~~~ 아이들이 넘 좋아하네요
준수,21,100,4.6,2022.08.12.,4.0,가격대는 쎄지만 분위기는 좋았어요
.,42,277,4.8,2022.08.07.,4.0,"⭐커피 균일가 1만원 ⭐️티 균일가 1만1천원, 일회용 플라스틱컵 사용하십니다. / 정말 컨셉추얼하고 4층까지 어디도 대충 인테리어된 곳이 없고 정말 예뻐요!! 4층에는 침대형식의 좌석도 있어요."
눈덩이,24,56,3.5,2022.08.06.,2.0,알바 싹바가지그리고 해리포터 저작권료는 정당하게 지불하면서 컨셉 유지하는건지.. 잘 꾸며놨긴한데 위생상태는 모르겠음. 직원이 테이블 치워주지도 않고.아메리카노 한 잔에 만원임 ㄷ ㄷ ㅋㅋ
띵똥,11,13,3.5,2022.08.03.,2.0,앞에 주문한 메뉴가 다 나가기 전까지 주문을 안받음 ㅡㅡ주문 대기 시간이 어마어마하니 참고 기다릴 수 있는 분들만 가시길!! 멀리서 온 친구땜에 기다렸지 뒤쳐 나갈 뻔
미쏘,27,206,4.5,2022.07.27.,4.0,시원하고 맛있어요 근데 가격이..
최다영,3,2,5.0,2022.07.24.,5.0,시원해서 좋음.
웰웰,25,179,4.6,2022.07.13.,4.0,맛은 그럭저럭 먹읆나한데 ㅋㅋㅋㅋㅋ
Igor 이고르,4,3,2.3,2022.07.05.,1.0,"Not recommend!Really not friendly and meanie people.  We came as family with 2 adults and 2 children. It was empty.They wanted us to buy 4 beverages to entry. We proposed to buy 3 cakes and 3 beverages (the smallest child will not drink coffee at 6 years old). By the way, any drink starts from ₩10,000 ($8).Staff very arrogant insisted on one drink per person. It doesn't worth the money they charge.Don't go there because they are money makers!"
ㅇㅇ,26,566,3.5,2022.07.04.,2.0,
서울시사람,4,4,3.0,2022.07.04.,1.0,어떤 여자 직원 매우 불친절. 손님에게 눈 흘기는 기분 나쁜 곳.
찐리뷰,33,356,3.1,2022.05.26.,4.0,한번쯤 가볼만한 곳재방문은 모르겠음
이재혁,12,13,4.5,2022.05.01.,3.0,음료 가격이 비쌈 = 음료 + 입장료지하가 취저
냠냠사진첩,70,656,4.4,2022.04.22.,2.0,비싸기만하고 맛이 없어요...
현서,15,22,4.7,2022.04.02.,2.0,"칵테일과 맥준데 무슨 커피마냥나옴^^ 진동벨 울리지도 않고 컨셉 분위기만 좋음,, 테이크아웃하는거 아니면 가게 안에서 일회용품 안되는걸로 아는데,,ㅎ  버터맥주도 그냥 맥주에 크림올라간ㅎ 해리포터 좋아하시면 그냥 커피시켜서 분위기만 즐기러가세영ㅎㅎ"
썬,31,249,4.0,2022.04.02.,1.0,고급지고 분위기는 좋아요 근데 그냥 그렇네요
뉴햄쥐,30,266,4.5,2022.03.28.,2.0,크기는 한데 뭐 그냥 그래요
택배왔습니다,21,47,3.9,2022.02.10.,1.0,"음료 시키고 들어오라는 말에서 구림이 느껴졌는데 역시나 개맛없음...아메리카노 7천원부터 시작하는데, 비싸면 평타라도 쳐야지 버터맥주 무슨 아이스크림 녹인걸 사과스파클링 위에 올린 맛ㅠ USJ가서 버터맥주 마셔봤는데 절대 같은 맛이 아니구요 가격도 개사악해 절대 가지마요 개구려요해리포터 찐팬이라면 더 화날 듯 해리포터도 뭣도 아닌 애매한 굿즈들과 그냥 유명한 명화만 잔뜩 걸어놓은 복도랑 건물은 또 오지게 넓어서 휑한 느낌도 들고..음료가 너무 구려서 화가 많이 났네요 님들은 가지마세요.."
카렌 🍁,5,5,2.6,2022.02.02.,1.0,
천지양,23,47,3.6,2022.02.01.,3.0,"크고, 공허하다. 아마 저작권 문제로 더 많은 것을 할 수 없었을지도 모른다는 생각이 든다."
쿄쿄,36,243,3.7,2022.01.17.,1.0,
ㅂㅂㅂㅂ,3,1,1.0,2022.01.17.,1.0,여자 직원분 엄천 불친절하시네요 앞에 메뉴 시키고 들어가야된다는 안내판도 없고 그래서 모르고 구경하다가 그 여자 직원분이 메뉴 시켰는지 물어봐서 안시켰다고했는데 눈 똑바로 쳐다 보고 정색하면서 반말로 '그럼 나가' 이러는 거에요 진짜 기분 나빴네요;;
SY,32,88,3.9,2022.01.16.,4.0,무슨 아메리카노가 7500원이야ㅡㅡ 햇는데맛있어서 괜찮앗어요!!!!!ㅋㅋㅋㅋㅋㅋㅋ
취존,37,201,4.0,2022.01.15.,5.0,해리포터 덕후로써는 정말 뻐렁친 곳.버터맥주 후기 안 좋아서 걱정했는데생각보다 맛있었고 감튀도 맛있음좀 비싸긴 해도 가볼만합니다
서하민,2,1,5.0,2022.01.02.,5.0,마법사 카페 너무 이뻐요 사장님도 친절하시고 분위기도이뻐요 ㅎㅎㅎ 특히 저는 3층 분위기가ㅡ 가장 좋았던거 같고 사진 찍을곳이 많아서 만족했어요
오카오카,6,4,3.0,2021.12.26.,1.0,극강의 불친절함.
혜지,11,12,4.7,2021.12.25.,5.0,크리스마스에 갔는데 앞 가게에서 큰 불이 났어요. 처음엔 정말 리얼한 효과를 구현해놓으셨나보다 했는데 진짜 불이더라구요.. 불이 크게나고 매장에도   가스가 들어와서 정신이 없었어요.. 그래도 직원분들께서 대응을 잘해주셔서 무사히 나왔어요.. 가게 분위기가 맘에들어서 나중에 다시 가보려구요.
핑슐랭가이드,62,876,4.5,2021.12.24.,4.0,
.,11,23,4.6,2021.12.01.,5.0,인테리어가 너무 예쁘고 음료는 비싼 감이 있지만 포토존이 워낙 많아서 돈 아깝다는 생각은 안 들었어요! 사람 적을 때 가면 사진 많이 찍을 수 있어서 평일 방문 추천해요
푸드파이터,29,127,3.8,2021.11.21.,3.0,입장료 느낌으로 가격은 살짝 비쌉니다.. 해리포터 좋아한다면 한번쯤 가볼만해요
고갱,28,153,3.6,2021.10.16.,5.0,
오레오츄러스,16,34,3.7,2021.10.10.,3.0,인테리어랑 분위기는 좋은데...커피가 진짜 너무 맛이 없다
깽,26,132,3.5,2021.09.18.,2.0,위로 갈수록 퀄리티가 떨어져요
몰라,10,10,2.8,2021.09.16.,3.0,
DIA,30,191,4.3,2021.08.04.,1.0,
초코바,33,238,3.6,2021.07.19.,2.0,아우 음침혀
Matthew Taylor,7,6,4.3,2021.07.04.,5.0,This is handsdown my favorite cafe in all of Korea!! For Harry Potter fans this cafe is a must to visit! I bring my friends to this cafe and they all love it!! The experience is always incredible!!
Sujin Esjay Kim,10,11,5.0,2021.07.03.,5.0,Honestly don’t get why it has so many negative reviews. Personally loved the whole experience. A perfect recreation of the HP universe and the staff there were very kind as well. Not a lotta people on weekdays so you almost have the whole floor to yourself if you’re lucky
이진숙,3,3,2.7,2021.06.20.,2.0,"전반적으로 퀄리티가 좀 낮음. 이래저래 테마 카페를 즐기기에는 좋지만 관리가 제대로 되지 않는 것 같았음. 음료나 디저트 퀄리티도 낮은 편이였으며, 카페도 전반적으로 수리가 필요한 곳이 보였음. 한 번 놀러가서 사진 찍으러 가기엔 좋음. 재방문 계획은 없음."
cy,8,13,2.8,2021.06.19.,1.0,이쁜데 음료 케이크 음식 다 너무맛없음 ㄹㅇ 돈버림
ㄱㅎㄱ,16,"1,121",5.0,2021.05.23.,5.0,
유,18,36,3.2,2021.05.19.,4.0,해리포터 좋아하면 한번쯤 가볼만 할 듯 음료는 별로였다
silcky,11,15,3.5,2021.05.14.,5.0,사람이 많을줄 알았는데 한산해서 좋았습니다음료도 엄청 빨리 나오고 맛있었어용!
근영,2,1,5.0,2021.05.14.,5.0,
귀현,11,11,3.8,2021.04.29.,1.0,손님 앞에있는데 다들리게 ‘당연한가 물어보니 상대하기싫네’라 말함맥주랑 안주 팔길래여기 카페에요? 라고 물어본거 뿐인데
Altana,2,1,5.0,2021.04.16.,5.0,
먹둥이,44,434,3.8,2021.03.07.,3.0,그냥 볼만해요
loxrd21,48,"1,510",3.2,2021.03.01.,3.0,
김명주,2,1,5.0,2021.02.14.,5.0,그들은 달콤한 버터맥주를제공하였다가격이 있었지만5층을 제공하기에 만족스럽다엽서가 이뻤다친구들과 오겠다
맛집로드,15,21,2.9,2021.01.24.,2.0,"Wizard Beer 는 버터 맥주 기대했는데 애플사이다에 생크림 넣은 이상한 맛이었고 Wizard Eye는 지구모양 젤리랑 안어울린 달달한 커피 라테쯤? 근데 9,000원, 9,500원임 소품이 있어 사진 찍을만한데 굳이 방문할만한 장소는 아님"
Дмитрий,8,19,4.2,2020.12.28.,3.0,"Could not feel Hrry Potter in it for 100%Atmosphere is good, but wanted some more HP stuff, food is expencive"
펙트체커,33,135,4.1,2020.12.06.,5.0,"글쎄요. 가격은 좀 있지만.. 저는 좋은 경험이었습니다. 추천합니다. 해리포터팬이라면, 데이트코스로 강추."
NIJAT [니자트],2,1,1.0,2020.11.28.,1.0,분위기가 좋지만 직원이 엄청 불친절해요~
.,7,6,2.5,2020.11.15.,2.0,해리포터랑 옛날 유럽 귀족 집 내부를 합쳐서 꿍짝꿍짝 만든 느낌. 음료 좀 비싼데 포토존이 나름 많아서 이해는 가능하다.. 1층이 제일 많이 공들인 느낌. 1층은 진짜 해리포터 느낌이 낭낭하지만 2-3-4층은 해리포터가 반만 묻어있다. 굿즈는 살 게 없다. 메뉴판은 유니버셜 스튜디오가 떠오른다. 비슷하게 생겼다.(가격 비싼 것도 비슷하다!) 해리포터 케이크는 정말 비추(줘낸 맛없음 버터크림도 느끼하지만 초록색 래터링이 진짜 머리가 띵했다. 수박껍질맛.. 차라리 색소만 넣든가 수박껍질.....ㅠ 그리고 먹으면 입술에 색소묻어서 까매져용)아인슈페너는 낫밷다들 예쁜 사진 많이 건져가는 것 같다. 대충 맛 보다 포토존을 위한 카페다.
ㅇㅇ,13,75,3.7,2020.10.17.,3.0,"해리포터 팬이라면 한번쯤 가볼만한 곳.음료값이 많이 비싼데 전시관의 입장료 포함 개념으로 생각하면 이해할 만하다.반대로, 해리포터 팬이 아니라면 갈 이유가 없는 곳."
노정철,2,1,1.0,2020.10.04.,1.0,음료도 맛없고 직원도 불친절하고
뚜벅이,21,"1,026",4.3,2020.08.26.,5.0,
사악한아지,33,142,3.9,2020.08.18.,2.0,ㄹㅇ 아랫분 말처럼 별로였음....
cy,22,132,4.0,2020.06.14.,5.0,버터비어와 함께한 사진맛집 추억맛집
행인,8,10,4.5,2020.06.05.,3.0,해리포터느낌이 나긴해요 3층에 옷도있고!근데 음료나오는게 오래걸리긴하네요 주말에 갔는데 음료나올때까지 한 30분은 기다린듯굿즈가 별로 없어서 아쉬웠어요사진에 첨부된 음료는 정말 맛있었습니다해리포터 카페아니더라도 먹고싶은 음료+가격 좀 비싸요
DDogani,34,145,3.5,2020.05.10.,5.0,최고임.
빵빵덕,13,20,4.2,2020.04.19.,2.0,"해리포터 애매하게 따라한 집.. 저작권 계약하고 해리포터 컨셉으로 만든 카페인데 약간 따라하다 만 어중간한 느낌입니다.. 사진찍을 공간도 마땅치 않고, 음료는 정말 비싸구요. 해덕이라면 실망하실거예요.굳이 이 카페를 위해 먼길 오지는 마시길."
ㅎㅇ,22,65,4.2,2020.04.05.,4.0,다좋은데음료가12000원이었나 11000원 너무 비싼데.. 맛있긴했음 근데 재방문의사는 없을듯
소하은,4,2,2.0,2020.04.01.,1.0,"테마파크와 카페의 밸런스 조절에 실패한 느낌...카페라고 하지말고 그냥 테마파크로 소개하시는게 나을듯..해리포터 테마파크가 맞고, 카페는 아닌거 같습니다.음료, 케익 다 그냥 그럭저럭 괜찮은 맛인데 음악을 해리포터 컨셉이라고 해서 영화음악을 그대로 쓰신거 같은데 급박하고 위기와 절정을 치닫는 그런 음악이 나와서...앉아서 얘기할 때 계속 거슬리는 게 별로였어요.그리고 앉아서 얘기하고 있는데 직원 분 대걸레 들고 와서 혼자서 노래 흥얼거리면서 청소하시는데...그냥 어이없고 당황스러웠습니다.한가지 더 얘기하자면 카페 내부에 화물용? 엘리베이터가 있는데 그게 계속 시끄럽게 소리가 나서 많이 거슬렸습니다.."
S.,3,25,3.6,2020.03.03.,2.0,
채봉재,3,4,5.0,2020.02.11.,5.0,사진찍을 포토존도 많고 메뉴도 신기한걸로 많이 판매하더라고여다음에 또가고싶은 곳이었어요
ö,12,18,3.9,2020.02.06.,1.0,저작권 협의 안된 가게인데 너무 혹할 정도로 잘 꾸며놔서 외국인 관광객도 많이 방문하고 카페보단 관광지 코스 같은 분위기 입니다. 가격은 비싸고 맛은 너무 별로... 개선이 필요해보여요
광대,15,47,4.6,2020.02.05.,3.0,카페 예뻐요
coco,42,319,3.9,2020.02.02.,4.0,
최윤수,3,2,4.5,2020.01.22.,4.0,카페 완전이쁘고 층수도 다양해서 포토존도 완전많아요!거기다가 유니폼이랑 목도리까지 착용도 가능해서 음료한잔시키면 옷부터 소품까지 가지고 놀면서 층수별로 사진찍고 돌아다닐수 있어서 좋았어요 처음엔 음료가격 쫌 비쌌는데입장권포함가격이 음료가격이라고 하니깐 나쁘지않다는 생각들었어용 여자친구..ㅅㅐㅇ기면... 또 가고싶은?
컼컼,36,193,2.8,2020.01.21.,1.0,"943 킹스크로스, 조선시대, 제임스시카고 이렇게 3군데 평점 작업 열심히 하셨네.."
밥먹고옴,23,293,3.5,2020.01.11.,2.0,
민트에코,24,62,4.7,2019.12.14.,2.0,"평점이 너무 높네요. 정말 분위기만 좋아요. 해리포터 좋아하고 사진찍고 싶다면 한번 정도 올수 있겠지만 음료나 케이크 맛은 포기하시는게... 제티초코음료같은거에 얼음 잔뜩갈아서 맹맹한 초코향만 나는 음료가 11,800원이라니 ㅋㅋㅋ 요새 다른 카페들 진짜 초콜릿 진하게 갈아서 잘도 넣어줘도 만원이 안넘는데;; 아메리카노도 7,500원이고 음료는 무조건 인원수대로 시켜야하고 (케이크 같이 시켜도 무조건 음료 시켜야함) 게다가 케이크를 주는데 아무리 케이크 자체에 종이 받침이 있다지만... 접시에는 담아줘야 하는거 아닌가요? 접시에 케이크 안주는 카페는 생전 처음이에요. 아무리 분위기가 좋다지만 맛이나 기본이 형편없어서 다시는 안올 곳입니다. 저도 웬만하면 컨셉으로 밀고가는 카페 그렇게 음식맛으로 안따지는데 여기는 너무 심해서 리뷰쓰고 갑니다."
Hong,4,4,4.0,2019.12.07.,4.0,잘꾸며놓고 분위기도 좋습니다.층별로 컨셉이 있어 재밌습니다. 단점은 화장실...?
하라가헷타,26,79,3.6,2019.11.26.,4.0,별로 기대 안했었는데 분위기 진짜 좋고 특색있게 잘 만들었음.. 음료랑 케익은 비싸긴하지만 해리포터 좋아한다면 한번쯤 가도 괜찮음
김꿀떡,19,44,4.7,2019.11.21.,4.0,"해리포터 좋아하신다면 한번쯤 가볼만해요. 음료나 케이크 값이 비싼편이긴한데 워낙 인테리어를 잘 해놔서 아깝지 않아요. 개인적으로 3, 4층 인테리어가 제일 예뻤어요!"
randiwb,2,1,5.0,2019.11.10.,5.0,Butterbeer was good. They also had a non alcoholic one
보헤미안유이,5,4,5.0,2019.10.14.,5.0,와씨!!!!!!!!일본 유니버셜 해리포터 와있는줄!!!!!!!스케일하며 디테일도 살아있는...다음번엔 남자사람말고 여자친구와 가고 싶다...꼭!!!
전준영,5,5,5.0,2019.10.13.,5.0,분위기가 갑입니다!!
수영,2,2,5.0,2019.10.13.,5.0,분위기가 너무 좋아요
김성현,2,3,5.0,2019.10.12.,5.0,분희기가 완전 좋아요 홍대오면 무적권 가야하는 곳으로 추천합니다!!
민표,3,4,5.0,2019.10.12.,5.0,호그와트를 온 느낌 입니다
.,3,3,5.0,2019.10.11.,5.0,마법사 컨셉을 좋아해서ㅠ 친구랑 졸라서 다녀왔던 킹스크로스! 포토존도 많고 음료도 맛있어서 꽤나 놀랐어요! 이번에 리뉴얼 된 후 감자튀김을 먹어봤는데 진짜 맛있어서 배부른데도 계속 먹었네요! 낮에 간단히 술 마시고 싶을 때도 좋은 것 같아요!
민석,3,2,5.0,2019.10.10.,5.0,청결하고  인테리어도 너무 좋아요 크~  덕분에  좋은추억 생겼습니다  감사합니다~!!
김민주,3,3,5.0,2019.10.09.,5.0,감사합니다 ㅎㅎ
ㅎ,5,6,5.0,2019.10.09.,5.0,포토존이 많아서 좋았습니다~~~~~ 화장실도 깨끗하고 짱짱짱!
김선영,2,3,5.0,2019.10.09.,5.0,아들명주와음식에 맥주한잔좋았어요
김혜숙,3,3,5.0,2019.10.09.,5.0,아들이 좋아해요5층6층 오픈하면 또 갈려구요
3D 김아름,3,3,5.0,2019.10.09.,5.0,갈때마다 디저트종류가 다양해져서 좋은듯. 분위기로도 먹는거니까 가격도 이정도면 훌륭하다
김정덕,5,5,5.0,2019.10.09.,5.0,"지금까지 3번정도갔는데, 갈때마다 변하고 컨셉이 그때그때마다 바껴서 너무좋았다. 예전엔 카트가 벽에붙어있었는데, 요번엔 빗자루가생기다니.. 다음이 기대됨커피 및 카페음료들도 계속해서 바뀌고, 이번에 드래곤레그도 먹어봤는데, 크기에 놀람.."
심바,3,3,4.7,2019.10.09.,5.0,친구들이랑 사진찍으면서 커피한잔하기 좋네요ㅋ
해바라기,2,1,1.0,2019.07.26.,1.0,별점이 좋은데 영화 ‘클레멘타인’같은 건지 진심인지 모르겠지만 정말 맛없고 케익도 별로고 이 가격에 스벅 가서 신선 놀음 하세요 제발 무슨 살다 살다가 케익을 먹는데 크림이 빵보다 많을까요~~ 느끼해서 죽을 뻔했어요^^!!그리고 8500원짜리 빵이 원래 이렇게 퍽퍽할 수 있나요 ㅎㅎ 진짜 외국인분들 많이 오시던데 정말 그러지마세요... ㅎㅎ
서지혜,4,4,4.0,2019.07.22.,1.0,음료도 맛없고 비싼데 리모델링을 얼마 전에 한 건지 뭔지 본드 같은 화학약품 냄새가 너무 심해서 한시간도 안 있었는데 머리가 아파서 나왔어요 이런 리뷰 잘 안 남기는데 아직도 머리가 아파서 남깁니다 비추예요
태영 Patrick Lim,4,10,4.6,2019.07.07.,2.0,비싸고 볼거 없음
희환,3,4,5.0,2019.05.15.,5.0,매장도 예쁘고 직원도 친절해서 너무 좋아요 ㅎ
오형민,3,3,5.0,2019.03.16.,5.0,친구들이랑 갔다가 인테리어도 예쁘고 커피맛도 맛있어서 놀랐어요! 꼭한번 들려볼만한 곳이에요 ㅎㅎ̌̈
이빈,2,2,5.0,2019.03.15.,5.0,해리포터좋아해서 가봤는데 분위기도좋고 사진찍기도좋네요~
김영주,2,2,5.0,2019.03.15.,5.0,정말정말 최고예요
장한경,2,2,5.0,2019.03.15.,5.0,홍대로 놀러간다면 꼭 들려보는것도 좋을것같아요 ! 한번 와본 사람은 있어도 한번도 안 온사람은 없기를 ㅠㅠ
Jo GaYoung(JANE),4,4,5.0,2019.03.15.,5.0,최근 지나가는길에 다시갔었는데 이것저것 새로생기고 메뉴도 바뀌었더라구요! 커피맛도 훨씬 좋아지고! 친구들이랑 가도 좋지만 가족들이랑 구경하러 가는것도 좋을꺼 같아요ㅎㅎ
송대호,3,4,5.0,2019.03.14.,5.0,"해리포터 좋아해서 찾아갔는데, 너무좋아요~~커피도맛나요!!"
상현,2,3,5.0,2019.03.14.,5.0,저는 여기 아메리카노 맛나더라구요 ㅎㅎ 처음엔 그냥 신기해서 들어와서 제일 싼 거 시켰는데 생각보다 훨씬 맛나서 놀랐네요 ^.^ 케잌도 저번에 치즈 케잌인가? 그거 먹었는데 쫀쫀하고 부드럽구 ㅠㅠ 이번 휴일에도 방문 콩콩찜☆
박승호,6,8,5.0,2019.03.14.,5.0,해리포터영화속으로 온거같애여!!
이희영,1,2,5.0,2019.03.14.,5.0,
지윤,2,2,5.0,2019.03.14.,5.0,홍대에서 제일 특이하고 예쁜카페!!! 사진찍기좋아요
솔,4,6,5.0,2019.03.14.,5.0,저번에 남자친구랑 같이 갔는데 너무 좋았어요 분위기도 좋고 사진 찍기도 좋아요~
동구,2,2,5.0,2019.03.13.,5.0,분위기며 커피며 디저트까지...존맛!!!지하에는 비밀아지트가 있다는데?다음엔 저기가봐야지~
김완재,2,2,5.0,2019.03.13.,5.0,음료도 맛있고 평소 해리포터 팬인데 가게 분위기가 너무 마음에 들었어요!!
우영,3,4,4.0,2019.03.13.,5.0,홍대살면서 이런카페는 처음이야!돈이 아깝지않아요
남충,2,2,5.0,2019.03.13.,5.0,직원들도 친절하고 조명도 적당해서 사진찍기 좋은거같아요!
최병민,4,5,5.0,2019.03.13.,5.0,홍대에는 없는게없네요
김도완,2,2,5.0,2019.03.13.,5.0,작년 크리스마스땐가 한번 갔었는데 얼마전에 다시 가보니까 새로운게 엄청 많이 생겼네요. 특히 버터맥주는 유니버셜에서 파는것보다 훨씬 나았던거 같아요.
녕혜,3,2,5.0,2019.03.13.,5.0,리뉴얼 되고는 처음 와봤는데 은하수에이드? 블루위저드에이드였나.. 진짜 이쁘고 맛있어요ㅜ 인테리어도 너무 예쁘고 3층에 좀비친구?도 너무 아이디어 좋은것 같아요ㅜㅜ 인생샷건지러 다시올게용!
김경찬,3,3,5.0,2019.03.13.,5.0,진짜 케익 커피 맛집 인테리어는 덤 커피먹으로 매일가고싶다 ㅠ
목진솔,2,2,5.0,2019.03.13.,5.0,해리포터를 잘 모르는데도 너무 좋았어요인테리어도 층층마다 다른 분위기라 사진맛집 !
곽선준,3,4,2.8,2019.02.12.,1.0,저작권 협의 안 된 곳이예요 가지 마세요
먀,3,10,1.0,2019.02.12.,1.0,
@:-),16,43,3.3,2019.01.25.,1.0,그 애들이 있다면 두 번 다시 가고 싶지 않고 완전 애들 때문에 엉망.. 애들 세명은 놀이터인 줄 알고 뛰어다니고 아무도 제재하지 않고(보호자들 어디 갔는지) 애들 뛰어다니면서 자리 옮기고 테이블 위에 있던 모형 촛불 옮기고 포토존중에서 벽난로 옆에 있는 소파 밟고 올라가서 DP 되어있는 유리병들 만져서 만지지 말랬더니 상관없다 그러고 앉아서 사진 찍을 수 있는 의자 옆에 DP 되어있는 가방 들고 다니고 직원한테 얘기했더니 아무 반응 없고~ 진짜 웬만하면 커피 다 마시고 나오겠는데 정신없어서 정말 있기 싫었고요. 해리포터 팬이라면 건물 외형 보고 감탄하는데 전 안에 보고 좀 실망했어요. 그냥저냥 한 번쯤 홍대 온면 갈 만한다 정도네요.
칸탈로프,58,607,3.2,2019.01.07.,1.0,버터맥주 시켰는데 알바실수로 달달 버터맥주 나왔는데 너무 달아서 한입먹고 버림. 가격 8500원 ㅡㅡ
