순번,행정구역 표준코드,구분,광역 이름,기초 이름,경도,위도,발행명,활성지수,전년 대비 2023년 발행액 증감,활성 순위,비활성 순위 (역순),이용자 제공혜택 개요,올해 대비 2024년 사업 예산 계획,최초 발행 시작일,최종 발행 중지/종료일,발행 유형,이용자 제공혜택 기간,이용자 제공혜택 대상,운영사,"2023년 연중 1인당 월 최대 구매/충전액 (만 원, 10월 기준)","2023년 연중 최대 할인/적립률 (%, 10월 기준)","2023년 발행액 (억 원, 1년간)","2023년 누적 이용자 수 (명, 10월 기준)","2023년 가맹점 수 (곳, 10월 기준)",더 알아보기 URL,비고
18,1111000000,기초,서울특별시,종로구,126.9788345,37.5735207,종로사랑상품권,0.47,축소,173,12,1인당 월 최대 50만 원까지 구매 금액의 7% 할인 또는 적립,유지,2020-01-17,발행 중,모바일,연중,보편,신한컨소시엄,50,7,230,"1,902,931","11,997",https://seoulpay.shinhancard.com,서울특별시 광역 자료에 합산
19,1114000000,기초,서울특별시,중구,126.997602,37.563843,서울중구사랑상품권,0.28,축소,183,2,1인당 월 최대 50만 원까지 구매 금액의 7% 할인 또는 적립,미정,2020-01-17,발행 중,모바일,연중,보편,신한컨소시엄,50,7,210,-,"14,062",https://seoulpay.shinhancard.com,서울특별시 광역 자료에 합산
20,1117000000,기초,서울특별시,용산구,126.99049,37.532527,용산사랑상품권,0.51,축소,168,17,1인당 월 최대 50만 원까지 구매 금액의 7% 할인 또는 적립,축소,2020-01-17,발행 중,모바일,연중,보편,신한컨소시엄,70,7,300,,"8,850",https://seoulpay.shinhancard.com,서울특별시 광역 자료에 합산
21,1120000000,기초,서울특별시,성동구,127.036821,37.563456,성동사랑상품권,1.05,확대,46,139,1인당 월 최대 50만 원까지 구매 금액의 7% 할인 또는 적립,확대,2020-01-17,발행 중,모바일,연중,보편,신한컨소시엄,50,7,500,-,"8,334",https://seoulpay.shinhancard.com,서울특별시 광역 자료에 합산
22,1121500000,기초,서울특별시,광진구,127.082375,37.538617,광진사랑상품권,1.01,확대,56,129,1인당 월 최대 50만 원까지 구매 금액의 7% 할인 또는 적립,미정,2020-01-17,발행 중,모바일,연중,보편,신한컨소시엄,50,7,500,-,"10,375",https://seoulpay.shinhancard.com,서울특별시 광역 자료에 합산
23,1123000000,기초,서울특별시,동대문구,127.03965,37.574524,동대문구사랑상품권,0.92,축소,81,104,1인당 월 최대 50만 원까지 구매 금액의 7% 할인 또는 적립,미정,2020-01-17,발행 중,모바일,연중,보편,신한컨소시엄,50,7,245,-,"10,813",https://seoulpay.shinhancard.com,서울특별시 광역 자료에 합산
24,1126000000,기초,서울특별시,중랑구,127.0925842,37.6063242,중랑사랑상품권,1.37,확대,11,174,1인당 월 최대 50만 원까지 구매 금액의 7% 할인 또는 적립,유지,2020-01-17,발행 중,모바일,연중,보편,신한컨소시엄,50,7,400,-,"9,861",https://seoulpay.shinhancard.com,서울특별시 광역 자료에 합산
25,1129000000,기초,서울특별시,성북구,127.016749,37.5894,성북사랑상품권,1.22,확대,19,166,1인당 월 최대 50만 원까지 구매 금액의 7% 할인 또는 적립,유지,2020-01-17,발행 중,모바일,연중,보편,신한컨소시엄,50,7,610,-,"10,950",https://seoulpay.shinhancard.com,서울특별시 광역 자료에 합산
26,1130500000,기초,서울특별시,강북구,127.0256135,37.6397819,강북사랑상품권,1.33,확대,13,171,1인당 월 최대 50만 원까지 구매 금액의 7% 할인 또는 적립,미정,2020-01-17,발행 중,모바일,연중,보편,신한컨소시엄,50,7,400,-,"7,711",https://seoulpay.shinhancard.com,서울특별시 광역 자료에 합산
27,1132000000,기초,서울특별시,도봉구,127.047163,37.668768,도봉사랑상품권,0.92,축소,82,103,1인당 월 최대 50만 원까지 구매 금액의 7% 할인 또는 적립,미정,2020-01-17,발행 중,모바일,연중,보편,신한컨소시엄,50,7,361,-,"6,720",https://seoulpay.shinhancard.com,서울특별시 광역 자료에 합산
28,1135000000,기초,서울특별시,노원구,127.056473,37.654358,노원사랑상품권,0.79,축소,117,68,1인당 월 최대 50만 원까지 구매 금액의 7% 할인 또는 적립,축소,2020-01-17,발행 중,모바일,연중,보편,신한컨소시엄,50,7,300,-,"11,640",https://seoulpay.shinhancard.com,서울특별시 광역 자료에 합산
29,1138000000,은평구,서울특별시,은평구,126.929164,37.602784,"은평사랑
상품권",0.69,축소,143,42,1인당 월 최대 50만 원까지 구매 금액의 7% 할인 또는 적립,축소,2020-01-17,발행 중,모바일,연중,보편,신한컨소시엄,50,7,318,-,"10,077",https://seoulpay.shinhancard.com,서울특별시 광역 자료에 합산
30,1141000000,기초,서울특별시,서대문구,126.9368,37.579225,서대문사랑상품권,1.29,확대,15,170,1인당 월 최대 50만 원까지 구매 금액의 7% 할인 또는 적립,확대,2020-01-17,발행 중,모바일,연중,보편,신한컨소시엄,50,7,397,"1,206,438","8,117",https://seoulpay.shinhancard.com,서울특별시 광역 자료에 합산
31,1144000000,기초,서울특별시,마포구,126.901491,37.5663245,마포사랑상품권,0.77,축소,122,63,1인당 월 최대 50만 원까지 구매 금액의 7% 할인 또는 적립,유지,2020-01-17,발행 중,모바일,연중,보편,신한컨소시엄,50,7,540,"129,455","16,246",https://seoulpay.shinhancard.com,서울특별시 광역 자료에 합산
32,1147000000,기초,서울특별시,양천구,126.866642,37.517016,양천사랑상품권,0.52,축소,166,19,1인당 월 최대 50만 원까지 구매 금액의 7% 할인 또는 적립,미정,2020-01-17,발행 중,모바일,연중,보편,신한컨소시움,50,7,204,-,"11,423",https://seoulpay.shinhancard.com,서울특별시 광역 자료에 합산
33,1150000000,기초,서울특별시,강서구,126.849642,37.550937,서울강서사랑상품권,0.93,축소,78,107,1인당 월 최대 50만 원까지 구매 금액의 7% 할인 또는 적립,확대,2020-04-01,발행 중,모바일,연중,보편,신한컨소시엄,50,7,350,-,"14,040",https://seoulpay.shinhancard.com,서울특별시 광역 자료에 합산
34,1153000000,기초,서울특별시,구로구,126.887536,37.495472,구로사랑상품권,0.77,축소,123,62,1인당 월 최대 50만 원까지 구매 금액의 7% 할인 또는 적립,유지,2020-01-17,발행 중,모바일,연중,보편,신한컨소시엄,50,7,240,-,"10,703",https://seoulpay.shinhancard.com,서울특별시 광역 자료에 합산
35,1154500000,기초,서울특별시,금천구,126.8955105,37.4568644,금천G밸리사랑상품권,0.95,축소,74,111,1인당 월 최대 50만 원까지 구매 금액의 7% 할인 또는 적립,축소,2020-01-17,발행 중,모바일,연중,보편,신한컨소시엄,50,7,260,"1,896,676","7,618",https://seoulpay.shinhancard.com,서울특별시 광역 자료에 합산
36,1156000000,기초,서울특별시,영등포구,126.896004,37.526436,영등포사랑상품권,0.74,축소,129,56,1인당 월 최대 50만 원까지 구매 금액의 7% 할인 또는 적립,미정,2020-01-17,발행 중,모바일,연중,보편,신한컨소시엄,50,7,290,-,"14,142",https://seoulpay.shinhancard.com,서울특별시 광역 자료에 합산
37,1159000000,기초,서울특별시,동작구,126.9395,37.51245,동작사랑상품권,1.39,확대,9,176,1인당 월 최대 50만 원까지 구매 금액의 7% 할인 또는 적립,유지,2020-01-17,발행 중,모바일,연중,보편,신한컨소시엄,50,7,468,"493,413","9,560",https://seoulpay.shinhancard.com,서울특별시 광역 자료에 합산
38,1162000000,기초,서울특별시,관악구,126.9514847,37.4781549,관악사랑상품권,0.79,축소,118,67,1인당 월 최대 50만 원까지 구매 금액의 7% 할인 또는 적립,미정,2020-01-15,발행 중,모바일,연중,보편,신한컨소시엄,50,7,365,-,"11,650",https://seoulpay.shinhancard.com,서울특별시 광역 자료에 합산
39,1165000000,기초,서울특별시,서초구,127.032598,37.483569,서초사랑상품권,0.63,축소,155,30,1인당 월 최대 50만 원까지 구매 금액의 7% 할인 또는 적립,축소,2020-01-17,발행 중,모바일,연중,보편,신한컨소시엄,50,7,500,-,"13,913",https://seoulpay.shinhancard.com,서울특별시 광역 자료에 합산
40,1168000000,기초,서울특별시,강남구,127.047502,37.517305,강남사랑상품권,0.95,축소,73,112,1인당 월 최대 50만 원까지 구매 금액의 7% 할인 또는 적립,확대,2020-01-17,발행 중,모바일,연중,보편,신한컨소시엄,50,7,640,,"20,928",https://seoulpay.shinhancard.com,서울특별시 광역 자료에 합산
41,1171000000,기초,서울특별시,송파구,127.1059186,37.5145636,송파사랑상품권,0.73,축소,131,54,1인당 월 최대 50만 원까지 구매 금액의 7% 할인 또는 적립,확대,2020-01-17,발행 중,모바일,연중,보편,신한컨소시엄,50,7,269,-,"17,114",https://seoulpay.shinhancard.com,서울특별시 광역 자료에 합산
42,1174000000,기초,서울특별시,강동구,127.1237708,37.530126,강동사랑상품권,0.32,축소,180,5,1인당 월 최대 50만 원까지 구매 금액의 7% 할인 또는 적립,유지,2020-01-17,발행 중,모바일,연중,보편,신한컨소시엄,50,7,160,-,"12,529",https://seoulpay.shinhancard.com,"2023년 6월 30일에 ‘강동빗살머니’ 사업 종료하고, '강동사랑상품권'으로 일원화하여 운영"
43,2611000000,기초,부산광역시,중구,129.032352,35.106214,-,-,미발행,-,-,-,미발행,-,-,-,-,-,-,,,,,,-,-
44,2614000000,기초,부산광역시,서구,129.0244125,35.0979321,-,-,미발행,-,-,-,미발행,-,-,-,-,-,-,,,,,,-,-
45,2617000000,기초,부산광역시,동구,129.0453253,35.1292746,e바구페이,0.76,축소,124,61,1인당 월 최대 40만 원까지 충전 금액의 5% 적립,유지,2019-08-13,발행 중,카드,연중,보편,코나아이,40,5,165,"63,336","3,587",http://www.bsdonggu.go.kr/index.donggu?menuCd=DOM_000000104004010001,-
46,2620000000,기초,부산광역시,영도구,129.067875,35.091199,-,-,미발행,-,-,-,미발행,-,-,-,-,-,-,,,,,,-,-
47,2623000000,기초,부산광역시,부산진구,129.053157,35.162913,-,-,미발행,-,-,-,미발행,-,-,-,-,-,-,,,,,,-,-
48,2626000000,기초,부산광역시,동래구,129.0938569,35.1964382,-,-,미발행,-,-,-,미발행,-,-,-,-,-,-,,,,,,-,-
49,2629000000,기초,부산광역시,남구,129.084163,35.136577,오륙도페이,1.14,확대,25,160,1인당 월 최대 30만 원까지 구매 금액의 5% 할인 또는 적립,유지,2020-08-31,발행 중,카드,연중,보편,코나아이,30,5,500,"99,825","7,711",https://search.konacard.co.kr/payable-merchants/busan-namgu,-
50,2632000000,기초,부산광역시,북구,128.990438,35.197185,-,-,미발행,-,-,-,미발행,-,-,-,-,-,-,,,,,,-,-
51,2635000000,기초,부산광역시,해운대구,129.163634,35.163177,-,-,미발행,-,-,-,미발행,-,-,-,-,-,-,,,,,,-,-
52,2638000000,기초,부산광역시,사하구,128.974817,35.104585,-,-,미발행,-,-,-,미발행,-,-,-,-,-,-,,,,,,-,-
53,2641000000,기초,부산광역시,금정구,129.0921,35.243068,-,-,미발행,-,-,-,미발행,-,-,-,-,-,-,,,,,,-,-
54,2644000000,기초,부산광역시,강서구,128.98045,35.2122179,-,-,미발행,-,-,-,미발행,-,-,-,-,-,-,,,,,,-,-
55,2647000000,기초,부산광역시,연제구,129.079764,35.176242,-,-,미발행,-,-,-,미발행,-,-,-,-,-,-,,,,,,-,-
56,2650000000,기초,부산광역시,수영구,129.113186,35.145694,-,-,미발행,-,-,-,미발행,-,-,-,-,-,-,,,,,,-,-
57,2653000000,기초,부산광역시,사상구,128.99125,35.152624,-,-,미발행,-,-,-,미발행,-,-,-,-,-,-,,,,,,-,-
58,2671000000,기초,부산광역시,기장군,129.222312,35.244498,-,-,미발행,-,-,-,미발행,-,-,-,-,-,-,,,,,,-,-
59,2711000000,기초,대구광역시,중구,128.6062,35.8693404,-,-,미발행,-,-,-,미발행,-,-,-,-,-,-,,,,,,-,-
60,2714000000,기초,대구광역시,동구,128.635609,35.886664,-,-,미발행,-,-,-,미발행,-,-,-,-,-,-,,,,,,-,-
61,2717000000,기초,대구광역시,서구,128.559175,35.871757,-,-,미발행,-,-,-,미발행,-,-,-,-,-,-,,,,,,-,-
62,2720000000,기초,대구광역시,남구,128.597486,35.846,-,-,미발행,-,-,-,미발행,-,-,-,-,-,-,,,,,,-,-
63,2723000000,기초,대구광역시,북구,128.582947,35.885684,-,-,미발행,-,-,-,미발행,-,-,-,-,-,-,,,,,,-,-
64,2726000000,기초,대구광역시,수성구,128.630625,35.8581654,-,-,미발행,-,-,-,미발행,-,-,-,-,-,-,,,,,,-,-
65,2729000000,기초,대구광역시,달서구,128.5327375,35.8298667,-,-,미발행,-,-,-,미발행,-,-,-,-,-,-,,,,,,-,-
66,2771000000,기초,대구광역시,달성군,128.431445,35.7746,-,-,미발행,-,-,-,미발행,-,-,-,-,-,-,,,,,,-,-
67,2811000000,기초,인천광역시,중구,126.621588,37.473781,-,-,미발행,-,-,-,미발행,-,-,-,-,-,-,,,,,,-,-
68,2814000000,기초,인천광역시,동구,126.6432125,37.4738846,동구사랑상품권,1.00,유지,57,124,1인당 월 최대 50만 원까지 구매 금액의 10% 할인 또는 적립,유지,2019-04-25,발행 중,지류,연중,보편,한국조폐공사,50,10,60,"9,207","1,753",https://www.icdonggu.go.kr/mai-rea/economy/giftcard_guide.jsp,인천광역시(광역) 발행 + 기초 단위 지류 상품권 발행
69,2817700000,기초,인천광역시,미추홀구,126.6505841,37.4635229,-,-,미발행,-,-,-,미발행,-,-,-,-,-,-,,,,,,-,인천광역시(광역) 발행
70,2818500000,기초,인천광역시,연수구,126.67828,37.4101675,-,-,미발행,-,-,-,미발행,-,-,-,-,-,-,,,,,,-,인천광역시(광역) 발행
71,2820000000,기초,인천광역시,남동구,126.731488,37.447342,-,-,미발행,-,-,-,미발행,-,-,-,-,-,-,,,,,,-,인천광역시(광역) 발행
72,2823700000,기초,인천광역시,부평구,126.7218378,37.5070563,-,-,미발행,-,-,-,미발행,-,-,-,-,-,-,,,,,,-,인천광역시(광역) 발행
73,2824500000,기초,인천광역시,계양구,126.7377757,37.5374147,-,-,미발행,-,-,-,미발행,-,-,-,-,-,-,,,,,,-,인천광역시(광역) 발행
74,2826000000,기초,인천광역시,서구,126.675994,37.545449,-,-,미발행,-,-,-,미발행,-,-,-,-,-,-,,,,,,-,인천광역시(광역) 발행
75,2871000000,기초,인천광역시,강화군,126.488052,37.746498,-,-,미발행,-,-,-,미발행,-,-,-,-,-,-,,,,,,-,인천광역시(광역) 발행
76,2872000000,기초,인천광역시,옹진군,126.63676,37.446607,-,-,미발행,-,-,-,미발행,-,-,-,-,-,-,,,,,,-,인천광역시(광역) 발행
77,2911000000,기초,광주광역시,동구,126.9232859,35.1460818,-,-,미발행,-,-,-,미발행,-,-,-,-,-,-,,,,,,-,광주 동구 발행 지역화폐/상품권 없음
78,2914000000,기초,광주광역시,서구,126.890272,35.151969,-,-,미발행,-,-,-,미발행,-,-,-,-,-,-,,,,,,-,-
79,2915500000,기초,광주광역시,남구,126.902402,35.1330039,-,-,미발행,-,-,-,미발행,-,-,-,-,-,-,,,,,,-,-
80,2917000000,기초,광주광역시,북구,126.911963,35.17406,-,-,미발행,-,-,-,미발행,-,-,-,-,-,-,,,,,,-,-
81,2920000000,기초,광주광역시,광산구,126.7936834,35.1395085,-,-,미발행,-,-,-,미발행,-,-,-,-,-,-,,,,,,-,-
82,3011000000,기초,대전광역시,동구,127.454884,36.312169,-,-,미발행,-,-,-,미발행,-,-,-,-,-,-,,,,,,-,-
83,3014000000,기초,대전광역시,중구,127.4215464,36.3256594,-,-,미발행,-,-,-,미발행,-,-,-,-,-,-,,,,,,-,-
84,3017000000,기초,대전광역시,서구,127.383844,36.355504,-,-,미발행,-,-,-,미발행,-,-,-,-,-,-,,,,,,-,-
85,3020000000,기초,대전광역시,유성구,127.3562683,36.3623219,-,-,미발행,-,-,-,미발행,-,-,-,-,-,-,,,,,,-,-
86,3023000000,기초,대전광역시,대덕구,127.415502,36.346735,대덕e로움,-,중지,-,-,2023년 할인 또는 적립율 없음,미발행,2019-07-01,2022-12-31,"모바일, 카드",연중,보편,코나아이,-,-,-,-,-,https://www.facebook.com/daedeok.eroum,2023년 현재 할인/적립은 없으며기 발행액 및 인센티브 안정적 관리를 위해 플랫폼 운영 중
87,3111000000,기초,울산광역시,중구,129.3327,35.56945,-,-,미발행,-,-,-,미발행,-,-,-,-,-,-,,,,,,-,-
88,3114000000,기초,울산광역시,남구,129.330109,35.543798,-,-,미발행,-,-,-,미발행,-,-,-,-,-,-,,,,,,-,-
89,3117000000,기초,울산광역시,동구,129.416632,35.504844,-,-,미발행,-,-,-,미발행,-,-,-,-,-,-,,,,,,-,-
90,3120000000,기초,울산광역시,북구,129.361313,35.582709,-,-,미발행,-,-,-,미발행,-,-,-,-,-,-,,,,,,-,-
91,3171000000,기초,울산광역시,울주군,129.2422295,35.5220885,-,-,미발행,-,-,-,미발행,-,-,-,-,-,-,,,,,,-,-
92,4111000000,기초,경기도,수원시,127.028646,37.263476,수원페이,0.80,축소,113,72,1인당 월 최대 40만 원까지 구매 금액의 10%할인 또는 적립,축소,2019-04-01,발행 중,카드,연중,보편,코나아이,40,10,"2,800","742,737","36,407",https://www.suwon.go.kr/sw-www/deptHome/dep_eco/eco11/eco11_01.jsp,23.11월 한시적 충전한도 40->50 상향
93,4113000000,기초,경기도,성남시,127.1267772,37.4200267,성남사랑상품권,0.73,축소,132,53,1인당 월 최대 30만 원까지 구매 금액의 10%할인 또는 적립,축소,2006-12-11,발행 중,"지류, 모바일, 카드",특정,보편,한국조폐공사,30,10,"3,000","706,240","25,233",https://www.seongnam.go.kr/city/1000327/10201/contents.do,-
94,4115000000,기초,경기도,의정부시,127.033753,37.738083,의정부사랑카드,0.55,축소,164,21,1인당 월 최대 40만 원까지 구매 금액의 6% 적립,축소,2019-01-01,발행 중,"모바일, 카드",연중,보편,코나아이,40,6,600,"227,000","13,854",https://www.ui4u.go.kr/depart/contents.do?mId=0408000000,국비삭감
95,4117000000,기초,경기도,안양시,126.9567534,37.3942905,"안양사랑상품권, 안양사랑페이",1.03,확대,52,133,1인당 월 최대 50만 원까지 구매 금액의 10% 할인 또는 적립,축소,2019-04-01,발행 중,"지류, 카드",특정,보편,"농협, 코나아이",50,10,"2,200","426,104","23,790",https://www.anyang.go.kr/main/contents.do?key=3154,"예산액:2022년:208억원->2023년:191억원, 이용자수: 카드 이용자수 기준(지류 이용자수 자료 부존재), 2023.3.1.부터 카드형은 할인에서 적립방식으로 변경(지류는 할인방식 유지)"
96,4119000000,기초,경기도,부천시,126.766,37.5035917,부천페이,0.69,축소,140,45,1인당 월 최대 50만 원까지 구매 금액의 7% 적립,미정,2019-04-01,발행 중,카드,연중,보편,코나아이,50,10,"2,275","451,205","26,526",http://www.bucheon.go.kr/site/homepage/menu/viewMenu?menuid=148006004013001,-
97,4121000000,기초,경기도,광명시,126.8646504,37.4786176,광명사랑화폐,1.08,확대,41,144,1인당 월 최대 100만 원까지 구매 금액의 10% 적립,미정,2019-04-01,발행 중,카드,연중,보편,코나아이㈜,100,10,"1,400","203,209","8,596",https://www.gm.go.kr/pt/partInfo/re/gmPay/gmPay1.jsp,"○2023년 발행액(10월기준)은 1,342억원으로 2023년 발행목표 1,100억원을 초과 달성함.
○충전 인센티브 최대한도 100만원이었으나, 행안부 지침 및 예산 부족으로 20만원까지 낮춤."
98,4122000000,기초,경기도,평택시,127.1126947,36.9923537,평택사랑상품권,1.11,확대,34,151,"카드는 1인당 월 최대 50만 원까지 충전 금액의 7% 적립, 지류는 1인당 월 최대 20만 원까지 구매 금액의 7% 할인 또는 적립",축소,2019-01-01,발행 중,"지류, 카드",연중,보편,"코나아이, 농협, 새마을금고, 신협",70,7,"2,061","397,306","23,924",https://www.pyeongtaek.go.kr/pyeongtaek/contents.do?mId=0900000000,"지류 이용자 관련 자료 없음, 인센티브율 조정으로, 상품권 이용 활성화 및 가맹점 수 증가로 발행액 및 사용량은 작년과 비슷할 것으로 예상"
99,4125000000,기초,경기도,동두천시,127.060671,37.903662,동두천사랑카드,0.78,축소,120,66,1인당 월 최대 60만 원까지 구매 금액의 10% 할인 또는 적립,축소,2019-04-15,발행 중,카드형,연중,보편,코나아이,100,10,252,"70,355","3,452",https://www.ddc.go.kr/ddc/contents.do?key=1589,
100,4127000000,기초,경기도,안산시,126.8308176,37.3219123,안산화폐 다온,0.55,축소,163,22,1인당 월 최대 30만 원까지 구매 금액의 10% 할인 또는 적립,축소,2019-04-01,발행 중,카드,연중,보편,코나아이,30,10,"1,600","485,059","22,080",https://www.ansan.go.kr/www/common/cntnts/selectContents.do?cntnts_id=C0001274,-
101,4128000000,기초,경기도,고양시,126.8319831,37.6583981,고양페이,0.68,축소,146,39,1인당 월 최대 20만 원까지 구매 금액의 7% 할인 또는 적립,미정,2019-04-22,발행 중,카드,연중,보편,코나아이,20,7,"1,423","711,997","28,426",https://www.goyang.go.kr/www/www03/www03_4/www03_4_12/www03_4_12_tab1.jsp,-
102,4129000000,기초,경기도,과천시,126.987675,37.4292013,과천토리,0.81,축소,110,75,"카드는 1인당 월 최대 40만까지 충전 금액의 7% 적립, 지류는 1인당 월 최대 10만 원까지 구매 금액의 7% 할인 또는 적립",축소,2019-04-25,발행 중,"지류, 카드",연중,보편,"코나아이, 농협",50,0,420,"63,871","1,601",https://www.gccity.go.kr/dept/contents.do?mId=0104010100,"명절(10%), 2월 ~ 8월 (6%), 10월 ~ 12월 (7%)"
103,4131000000,기초,경기도,구리시,127.129632,37.594266,구리사랑상품권,0.99,축소,65,120,1인당 월 최대 100만 원까지 구매 금액의 10% 적립,유지,2019-05-10,발행 중,카드,연중,보편,코나아이,100,10,850,"151,030","6,344",https://www.guri.go.kr/www/contents.do?key=615,-
104,4136000000,기초,경기도,남양주시,127.216467,37.635985,남양주사랑상품권,0.84,축소,104,81,1인당 월 최대 50만 원까지 구매 금액의 10% 적립,미정,2019-04-20,발행 중,카드,연중,보편,코나아이,50,10,"2,310","350,532","22,653",https://www.nyj.go.kr/main/3012,-
105,4137000000,기초,경기도,오산시,127.077462,37.149887,오색전,0.68,축소,144,41,1인당 월 최대 70만 원까지 구매 금액의 10% 적립,유지,2019-04-15,발행 중,카드,연중,보편,코나아이,70,10,564,"190,224","7,306",https://www.osan.go.kr/money/front/main.do;jsessionid=75E779276DE758CAA658DE516916A1C7,-
106,4139000000,기초,경기도,시흥시,126.802934,37.380177,시흥화폐 시루,0.90,축소,85,100,1인당 월 최대 30만 원까지 구매 금액의 10% 할인 또는 적립,축소,2018-09-17,발행 중,"지류, 모바일, 카드",연중,보편,"농협, 한국조폐공사",30,10,"2,700","375,790","14,808",https://www.si-ru.kr/,-
107,4141000000,기초,경기도,군포시,126.935338,37.361523,군포애머니,0.71,축소,134,51,1인당 월 최대 70만 원까지 구매 금액의 7% 할인 또는 적립,유지,2019-04-01,발행 중,카드,연중,보편,코나아이 주식회사,70,7,"1,300","179,640","8,424",https://www.gunpo.go.kr/www/contents.do?key=1005979,-
108,4143000000,기초,경기도,의왕시,126.9682786,37.3448869,의왕사랑상품권,0.67,축소,151,34,"카드는 1인당 월 최대 50만까지 충전 금액의 7% 적립, 지류는 1인당 월 최대 20만 원까지 구매 금액의 7% 할인 또는 적립",미정,2019-01-15,발행 중,"지류, 카드",연중,보편,코나아이,70,7,380,"108,168","3,625",https://www.uiwang.go.kr/UWKORECO0801,-
109,4145000000,기초,경기도,하남시,127.2148742,37.5393014,하머니,0.99,축소,66,119,1인당 월 최대 40만 원까지 구매 금액의 10% 할인 또는 적립,미정,2019-04-01,발행 중,카드,연중,보편,코나아이,40,10,"1,896","204,183","10,373",https://www.hanam.go.kr/www/contents.do?key=3781,* 사용자수:결제건수 기재 / '23년 1~3월 결제 건수
110,4146000000,기초,경기도,용인시,127.1774916,37.2412522,용인와이페이,0.89,축소,92,93,1인당 월 최대 50만 원까지 구매 금액의 10% 할인 또는 적립,축소,2019-03-19,발행 중,카드,연중,보편,코나아이,50,10,"3,000","610,226","27,816",https://www.gmoney.or.kr/base/main/view,-
111,4148000000,기초,경기도,파주시,126.779883,37.760186,파주페이,1.05,확대,49,136,1인당 월 최대 20만 원까지 구매 금액의 10% 할인 또는 적립,확대,2019-04-22,발행 중,카드,연중,보편,코나아이,20,10,"1,580","390,753","15,222",https://www.paju.go.kr/www/www_02/industry/industry_01/industry_01_06.jsp,국비보조금 지원액 감소에 따른 월한도 및 발행액 감소
112,4150000000,기초,경기도,이천시,127.435034,37.272342,이천사랑지역화폐,1.08,확대,37,148,1인당 월 최대 70만 원까지 구매 금액의 10% 할인 또는 적립,축소,2019-04-01,발행 중,카드,연중,보편,코나아이,70,10,"1,200","163,219","9,772",https://www.icheon.go.kr/biz/contents.do?key=2630,-
113,4155000000,기초,경기도,안성시,127.2797732,37.0080546,안성사랑카드,0.85,축소,100,85,1인당 월 최대 50만 원까지 구매 금액의 10% 할인 또는 적립,축소,2019-04-01,발행 중,카드,연중,선별,코나아이,50,10,500,"151,472","7,796",https://www.anseong.go.kr/depart/contents.do?mId=0108010000,-
114,4157000000,기초,경기도,김포시,126.715544,37.61535,김포페이,0.34,축소,179,6,1인 월 최대 20만 원까지 구매 금액의 10% 할인 또는 적립,유지,2019-04-01,발행 중,모바일,연중,보편,"KT, 코나아이",20,10,"1,219","204,535","16,151",https://www.gimpo.go.kr/portal/contents.do?key=1281,-
115,4159000000,기초,경기도,화성시,126.831405,37.199565,"희망화성
지역화폐",0.80,축소,112,73,1인당 월 최대 30만 원까지 구매 금액의 10% 할인 또는 적립,축소,2019-04-15,발행 중,카드,연중,보편,코나아이주식회사,30,10,"3,167","775,712","27,427",https://www.hscity.go.kr/www/information/ntcnInfo/hhcLocal/localInfo.jsp,카드형만 운영(카드 등록 수 기준)
116,4161000000,기초,경기도,광주시,127.2550476,37.4294306,광주사랑카드,0.69,축소,139,46,1인당 월 최대 100만 원까지 구매 금액의 10% 할인 또는 적립,축소,2019-04-05,발행 중,카드,연중,보편,코나아이,100,10,"1,600","349,370","13,506",https://www.gmoney.or.kr/base/main/view,-
117,4163000000,기초,경기도,양주시,127.045847,37.785329,양주사랑상품권,1.27,확대,18,167,1인당 월 최대 100만 원까지 충전 금액의 10% 적립,축소,2019-03-22,발행 중,카드,연중,보편,코나아이,100,10,859,"124,743","9,252",https://gmoney.or.kr/base/main/view,-
118,4165000000,기초,경기도,포천시,127.2002404,37.894867,포천사랑상품권,0.96,축소,69,116,"카드는 1인당 월 최대 40만 원까지 구매 금액의 10% 적립, 지류는 월 20만 원까지 10% 할인 또는 적립",유지,2019-04-01,발행 중,"지류, 카드",연중,보편,"농협은행(지류), 코나아이(카드)",60,0,350,"142,053","7,180",https://www.pocheon.go.kr/www/contents.do?key=10426,-
119,4167000000,기초,경기도,여주시,127.637082,37.298342,여주사랑카드,1.17,확대,22,163,1인당 월 최대 70만 원까지 구매 금액의 10% 할인 또는 적립,축소,2019-03-05,발행 중,카드,연중,보편,코나아이,70,10,56,"86,106","4,956",https://www.yeoju.go.kr/brd/board/4419/L/menu/4420,"2022년 예산: 43억, 2023년 예산: 56억 계획 예정"
120,4180000000,기초,경기도,연천군,127.074755,38.096738,연천사랑상품권,1.06,확대,44,141,1인당 월 최대 70만 원까지 구매 금액의 10% 할인 또는 적립,확대,2019-05-31,발행 중,카드,5년,보편,코나아이,70,10,268,"28,392","2,067",https://www.yeoncheon.go.kr/www/contents.do?key=3517,-
121,4182000000,기초,경기도,가평군,127.509541,37.831508,가평GP페이,0.82,축소,109,76,1인당 월 최대 60만 원까지 구매 금액의 10% 할인 또는 적립,축소,2007-07-01,발행 중,"모바일, 카드",연중,보편,코나아이,60,10,330,"41,212","3,421",https://www.gp.go.kr/portal/selectBbsNttList.do?bbsNo=528&key=2141,-
122,4183000000,기초,경기도,양평군,127.487597,37.491791,양평통보,0.69,축소,142,43,1인당 월 최대 30만 원까지 구매 금액의 10% 할인 또는 적립,미정,2019-04-19,발행 중,카드,연중,보편,코나아이,30,10,477,"76,867","4,471",https://www.yp21.go.kr/www/contents.do?key=1506,국비지원 축소에 따른 전체 예산 규모 축소
123,4211000000,기초,강원도,춘천시,127.7300034,37.8813739,춘천사랑상품권,1.27,확대,17,168,1인당 월 최대 45만 원까지 구매 금액의 10% 할인 또는 적립,축소,2017-01-01,발행 중,"지류, 모바일",연중,보편,"한국간편결제진흥원(지류), 춘천시 내 농축협(모바일), 새마을금고, 신협, 한국조폐공사(시스템)",45,10,830,"89,432","15,816",https://ccgc.chuncheon.go.kr/,"지류상품권 사용자는 특정이 불가하며, 건수로만 조회됨. 모바일 상품권은 2020년부터 도입"
124,4213000000,기초,강원도,원주시,127.9199688,37.3423179,원주사랑상품권,2.00,확대,4,181,1인당 월 최대 50만 원까지 구매 금액의 10% 할인 또는 적립,축소,2021-12-26,발행 중,"카드, 모바일","특정
(구매후 5년)",보편,한국조폐공사,50,10,"1,300","94,970","15,162",https://www.wonju.go.kr/wonjusarang/,-
125,4215000000,기초,강원도,강릉시,128.875836,37.752175,강릉페이,0.69,축소,141,44,1인당 월 최대 30만 원까지 구매 금액의 10% 적립,유지,2020-01-13,발행 중,카드,연중,보편,코나아이,30,10,"1,220","181,204","16,741",https://www.gn.go.kr/www/contents.do?key=3111,-
126,4217000000,기초,강원도,동해시,129.1142625,37.5247583,동해페이/동해사랑상품권,1.02,확대,53,132,1인당 월 최대 50만 원까지 구매 금액의 8% 적립,유지,2020-09-15,발행 중,카드,연중,보편,코나아이 주식획사,50,8,800,"26,550","5,515",https://dh.go.kr/www/contents.do?key=774,국비지원 감소
127,4219000000,기초,강원도,태백시,128.985735,37.164132,탄탄페이,0.99,축소,64,121,1인당 월 최대 50만 원까지 구매 금액의 10% 적립,축소,2020-04-08,발행 중,카드,연중,보편,코나아이 주식회사,50,10,625,"44,484","2,955",https://www.taebaek.go.kr/www/contents.do?key=1558,-
128,4221000000,기초,강원도,속초시,128.59184,38.207169,속초사랑상품권,-,23년부터 발행,-,-,1인당 월 최대 30만 원까지 구매 금액의 10% 할인 또는 적립,유지,2023-01-04,발행 중,카드,연중,보편,한국조폐공사,30,10,100,"16,063","2,195",https://localadmin.komscochak.com/login/,2023년 1월 첫발행 (카드형 기준)
129,4223000000,기초,강원도,삼척시,129.1651479,37.4499354,삼척사랑카드 / 삼척사랑상품권,0.80,축소,114,71,1인당 월 최대 70만 원까지 구매 금액의 10% 할인 또는 적립,유지,2000-12-23,발행 중,"지류, 카드",연중,보편,코나아이,70,10,510,"39,518","3,545",https://www.samcheok.go.kr/specialty/00470/03053.web,"카드 가입자 기준, 2020년 이전 정보 없음, 매년 발행액 증가추세"
130,4272000000,기초,강원도,홍천군,127.888518,37.697207,홍천사랑상품권,1.00,축소,63,122,1인당 월 최대 100만 원까지 구매 금액의 50% 할인 또는 적립,축소,2020-05-18,발행 중,"지류, 카드",연중,보편,한국조폐공사,50,10,430,"125,999","3,897",https://www.hongcheon.go.kr/www/contents.do?key=1679,-
131,4273000000,기초,강원도,횡성군,127.985022,37.491803,횡성사랑카드,1.05,확대,45,140,1인당 월 최대 70만 원까지 구매 금액의 10% 할인 또는 적립,미정,2021-03-02,발행 중,카드,연중,보편,코나아이,70,10,300,"9,982","2,087",https://www.hsg.go.kr/www/selectBbsNttView.do?key=1160&bbsNo=161&nttNo=31233,"21.3. 출시 (카드 등록 수 기준), 지역사랑상품권 정착에 따른
사용량 지속 확대 예상"
132,4275000000,기초,강원도,영월군,128.46185,37.183774,영월사랑상품권,0.62,축소,156,29,1인당 월 최대 60만 원까지 구매 금액의 5% 할인 또는 적립,축소,2019-11-30,발행 중,카드,연중,보편,코나아이,60,5,400,"28,127","2,307",https://www.yw.go.kr/www/selectBbsNttView.do?key=25&bbsNo=15&nttNo=91368,-
133,4276000000,기초,강원도,평창군,128.390193,37.37077,평창사랑상품권,-,23년부터 발행,-,-,1인당 월 최대 50만 원까지 구매 금액의 10% 할인 또는 적립,유지,2023-07-03,발행 중,"지류, 모바일, 카드",연중,보편,한국조폐공사,50,10,100,"22,923","1,230",https://www.pc.go.kr/portal/government/government-news/government-news-agency?articleSeq=297807,"정보부존재, 2023년 7월부터 지역상품권(평창사랑상품권-지류형, 카드형, 모바일형)을 도입 예정"
134,4277000000,기초,강원도,정선군,128.660871,37.380609,정선아리랑상품권,0.48,축소,172,13,"카드는 1인당 월 최대 70만 원까지 연 최대 600만 원까지 구매 금액의 10%,지류는 할인 또는 적립없이 정액 판매",유지,2023-03-01,발행 중,"지류, 카드",연중,보편,한국조폐공사,70,10,154,"8,220","1,909",https://www.jeongseon.go.kr/portal/partinfo/industry_economy/jsgiftcard,"지류상품권 사용자는 특정이 불가하며, 건수로만 조회됨. 카드상품권은 2020년부터 도입"
135,4278000000,기초,강원도,철원군,127.313472,38.146861,철원사랑상품권,1.14,확대,28,157,1인당 월 최대 50만 원까지 구매 금액의 10% 할인 또는 적립,미정,2016-04-01,발행 중,"지류, 카드, 모바일",연중,보편,한국조폐공사,50,10,500,"24,216","3,503",https://www.cwg.go.kr/www/contents.do?key=364,"2020년 11월 중 상품권 시스템 변경으로 이전 자료 추출 불가. 지류상품권: 철원군 지역 고객등록자 수, 전자상품권: 사용자등록자 수"
136,4279000000,기초,강원도,화천군,127.708216,38.106181,"화천사랑상품권, 화천사랑페이",0.36,축소,178,7,1인당 월 최대 50만 원까지 구매 금액의 10% 할인 또는 적립,미정,1996-01-01,발행 중,"지류, 모바일, 카드",연중,보편,한국조폐공사,50,10,40,660,"1,572",https://www.ihc.go.kr/www/contents.do?key=2432,-
137,4280000000,기초,강원도,양구군,127.99,38.109992,"양구사랑상품권, 배꼽페이",0.31,축소,181,4,1인당 월 최대 70만 원까지 구매 금액의 10% 할인 또는 적립,축소,2007-06-15,발행 중,"지류, 카드",연중,보편,한국조폐공사,70,10,150,"11,425","1,094",https://www.yanggu.go.kr/user_sub.php?gid=www&mu_idx=390,-
138,4281000000,기초,강원도,인제군,128.170352,38.069732,인제사랑상품권,1.02,확대,54,131,"카드는 1인당 월 최대 65만 원까지 구매 금액의 10%,지류는 1인당 월 최대 5만 원까지 10%할인 또는 적립",유지,2013-08-01,발행 중,"지류, 카드",연중,보편,코나아이(카드형),100,0,450,"38,337","1,709",https://www.inje.go.kr/portal/field-info/economy/voucher,-
139,4282000000,기초,강원도,고성군,128.4678625,38.3806154,고성사랑카드,0.86,축소,98,87,1인당 월 최대 70만 원까지 구매 금액의 10% 할인 또는 적립,유지,2007-10-01,발행 중,"지류,
카드",연중,보편,"상품권: 판매대행점(농협 고성군지부, 농협·수협·축협 본점 및 지점, 산림조합)
카드: 코나아이",70,10,160,"10,378","1,606",https://www.gwgs.go.kr/prog/bbsArticle/BBSMSTR_000000000412/view.do?bbsId=BBSMSTR_000000000412&nttId=B000000039048Hr9qP9j,-
140,4283000000,기초,강원도,양양군,128.619145,38.075493,-,-,미발행,-,-,-,미발행,-,-,-,-,-,-,,,,,,-,정보부존재 사유 : 지역사랑상품권 미발행함
141,4311000000,기초,충청북도,청주시,127.488975,36.6424987,청주페이,0.82,축소,107,78,1인당 월 최대 50만 원까지 구매 금액의 10% 할인 또는 적립,축소,2019-12-17,발행 중,카드,연중,보편,코나아이,50,10,"4,000","462,646","38,994",-,
142,4313000000,기초,충청북도,충주시,127.926012,36.991105,충주사랑상품권,0.93,축소,76,109,1인당 월 최대 50만 원까지 구매 금액의 10% 할인 또는 적립,축소,2019-07-01,발행 중,"지류, 카드, 모바일",연중,보편,나이스정보통신,50,10,"1,400","160,183","10,918",https://www.chungju.go.kr/www/contents.do?key=3064,"20년도부터 카드형 상품권 도입, 23년 4월부터 할인율 8%, 구매한도 50만원"
143,4315000000,기초,충청북도,제천시,128.191037,37.132646,제천화폐 모아,0.68,축소,148,37,1인당 월 최대 70만 원까지 구매 금액의 10% 할인 또는 적립,축소,2019-03-04,발행 중,"카드, 모바일",연중,보편,한국조폐공사,100,10,"1,074","80,446","7,674",-,-
144,4372000000,기초,충청북도,보은군,127.729485,36.489455,결초보은상품권,0.50,축소,169,16,1인당 월 최대 50만 원까지 구매 금액의 10% 할인 또는 적립,축소,2019-09-02,발행 중,"지류, 카드",연중,보편,한국조폐공사,50,10,210,"10,759","1,440",https://www.boeun.go.kr/www/contents.do?key=2052,-
145,4373000000,기초,충청북도,옥천군,127.5714191,36.3064369,옥천사랑상품권,0.73,축소,130,55,1인당 월 최대 70만 원까지 구매 금액의 10% 적립,미정,2018-06-20,발행 중,"지류(발행폐지, 환전 운영), 카드",연중,보편,코나아이 주식회사,70,10,700,"51,234","2,594",https://www.oc.go.kr/www/selectTnOcCouponAgentListU.do?sc10=OCSARANG&key=388&cpn=108,-
146,4374000000,기초,충청북도,영동군,127.783423,36.175047,레인보우영동페이,1.10,확대,35,150,1인당 월 최대 70만 원까지 구매 금액의 10% 할인 또는 적립,축소,2021-01-25,발행 중,"카드, 모바일",연중,보편,한국조폐공사,70,10,330,"17,370","1,863",https://www.yd21.go.kr/kr/html/sub05/0502010601.html,2023년은 3월 기준
147,4374500000,기초,충청북도,증평군,127.581507,36.785345,"증평사랑으뜸상품권, 증평행복카드",2.20,확대,2,183,1인당 월 최대 50만 원까지 연 최대 500만 원까지 구매 금액의 10% 할인 또는 적립,축소,2004-05-21,발행 중,"지류, 카드",연중,보편,한국조폐공사,50,10,90,"10,607","1,494",https://www.jp.go.kr/kor/sub05_02_04_02.do,-
148,4375000000,기초,충청북도,진천군,127.435602,36.85542,진천사랑상품권,0.93,축소,77,108,1인당 월 최대 100만 원까지 구매 금액의 10% 할인 또는 적립,축소,2002-01-01,발행 중,"지류, 카드, 모바일",연중,보편,"한국조폐공사, 한국간편결제진흥원",100,10,323,"37,460","4,038",https://gift.jincheon.go.kr/main.do,"지류형(2002 ~ 현재) : 2021년 시스템 개정으로 이전 자료 추출 불가능, 모바일(2020.4. ~ 현재), 카드(2021.7. ~ 현재), 지류+카드 통합한도 30만원, 모바일 30만원, 1인 최대 60만원 구매가능하나 정책상황에 따라 70만원까지 확대될 수 있음"
149,4376000000,기초,충청북도,괴산군,127.786704,36.815381,괴산사랑상품권,1.39,확대,10,175,1인당 월 최대 20만 원까지 구매 금액의 10% 할인 또는 적립,축소,1996-04-01,발행 중,지류,연중,보편,한국조폐공사,20,10,200,"30,167","1,294",https://www.goesan.go.kr/economy/contents.do?key=1878,※ 2019년 지류이용자수 집계불가
150,4377000000,기초,충청북도,음성군,127.690487,36.940282,음성행복페이,0.67,축소,150,35,1인당 월 최대 50만 원까지 구매 금액의 10% 할인 또는 적립,축소,2020-02-17,발행 중,카드,연중,보편,코나아이,50,10,800,"81,357","5,011",https://www.eumseong.go.kr/www/contents.do?key=7761,"""[2023년 할인율]
일반: 월30만원 한도/인센티브10% 특별(1,5,9월): 월50만원 한도/인센티브10%"""
151,4380000000,기초,충청북도,단양군,128.365589,36.984539,단양사랑상품권,0.89,축소,94,91,1인당 월 최대 70만 원까지 구매 금액의 10% 할인 또는 적립,축소,2019-10-18,발행 중,"지류,카드,모바일",연중,보편,한국조폐공사,70,10,220,"11,405","1,143",https://www.danyang.go.kr/dy21/969,"2021년도 부터 시스템도입됨에 따라 이전년도 자료 확인 불가, 할인율 및 할인한도 변동계획 없음"
152,4413000000,기초,충청남도,천안시,127.113892,36.815147,"천안사랑상품권, 천안사랑카드",1.17,확대,21,164,1인당 월 최대 30만 원까지 구매 금액의 10% 적립,미정,2020-04-07,발행 중,카드,연중,보편,코나아이,30,10,"4,700","332,863","30,200",https://www.cheonan.go.kr/kor/sub05_02_15_01.do,"*연도별 최대 캐시백 지급한도 및 지급률 2020년: 100만원, 10%, 2021년: 70만원, 10%, 2022년: 30만원, 10%, 2023년: 80만원, 10%"
153,4415000000,기초,충청남도,공주시,127.11904,36.446556,공주페이,0.68,축소,149,36,1인당 월 최대 100만 원까지 구매 금액의 10%할인 또는 적립,축소,2019-10-01,발행 중,착한페이,연중,보편,KT,100,10,"1,400","178,633","4,456",https://www.gongju.go.kr/kr/sub06_06_03_01.do,-
154,4418000000,기초,충청남도,보령시,126.612803,36.333452,보령사랑상품권,1.05,확대,47,138,1인당 월 최대 70만 원까지 구매 금액의 10% 할인 또는 적립,축소,2019-09-09,발행 중,"지류, 모바일, 카드",연중,보편,한국조폐공사,70,10,444,"31,065","4,224",https://www.brcn.go.kr/kor/sub05_04_08_01.do,지류 누적 가입자 수 집계 불가
155,4420000000,기초,충청남도,아산시,127.002474,36.790013,아산페이,0.90,축소,86,99,1인당 월 최대 30만 원까지 구매 금액의 10% 할인 또는 적립,유지,2007-12-01,발행 중,"지류, 모바일, 카드",연중,보편,한국조폐공사,30,10,"2,500","247,881","12,423","https://
www.asan.go.kr/main
/cms/?no=387",-
156,4421000000,기초,충청남도,서산시,126.4502766,36.7849216,서산사랑상품권,0.91,축소,83,102,1인당 월 최대 30만 원까지 구매 금액의 30% 할인 또는 적립,축소,2019-08-01,발행 중,"지류, 모바일",연중,보편,한국조폐공사,30,10,"1,060","288,063","6,323",https://www.seosan.go.kr/www/contents.do?key=5010,행안부 개정 지침으로 30억이상 가맹점 해지시 상품권 활성화 사업이 다소 둔화될 소지가 있음
157,4423000000,기초,충청남도,논산시,127.0986227,36.1872399,논산사랑지역화폐,1.14,확대,26,159,1인당 월 최대 70만 원까지 구매 금액의 10% 할인 또는 적립,축소,2019-09-01,발행 중,"지류, 모바일, 카드",연중,보편,한국폐공사,70,10,"1,177","108,056","4,644",https://www.nonsan.go.kr/kor/html/sub05/05050801.html,-
158,4425000000,기초,충청남도,계룡시,127.248633,36.274554,계룡사랑상품권,1.13,확대,29,156,1인당 월 최대 50만 원까지 10% 할인 또는 적립,축소,2019-01-01,발행 중,"모바일, 지류",연중,보편,한국조폐공사,50,10,280,"23,616","1,564",https://gyeryong.go.kr/kr/html/sub05/05030501.html,"모바일10%→7%, 지류 10%→5%, 1만원권 점자 발행 추진(23. 4.~)"
159,4427000000,기초,충청남도,당진시,126.6459003,36.8899744,당진사랑상품권,0.47,축소,174,11,1인당 월 최대 50만 원까지 구매 금액의 10% 할인 또는 적립,축소,2020-03-01,발행 중,"지류, 모바일",연중,보편,한국조폐공사,50,10,469,"42,573","5,497",https://www.dangjin.go.kr/kor/sub05_03_05_01.do,-
160,4471000000,기초,충청남도,금산군,127.488213,36.108857,금산사랑상품권,0.69,축소,138,47,1인당 월 최대 50만 원까지 구매 금액의 10% 할인 또는 적립,축소,2020-07-01,발행 중,"지류, 카드, 모바일",연중,보편,한국조폐공사,50,10,232,"15,549","2,545",https://www.geumsan.go.kr/kr/html/sub05/05040901.html,-
161,4476000000,기초,충청남도,부여군,126.909775,36.275658,굿뜨래페이,0.83,축소,105,80,1인당 월 최대 100만 원까지 구매 금액의 15% 할인 또는 적립,축소,2019-12-16,발행 중,"카드, 모바일",연중,보편,인조이웍스,100,15,900,"69,889","3,380",https://goodtraepay.buyeo.go.kr,2023년 지역사랑상품권 발행지원 지침에 따라 1.1인당 월 70만원 이내에서 충전인센티브 지급 2. 보유한도 1인당 최대 150만원이내
162,4477000000,기초,충청남도,서천군,126.6917418,36.080286,서천사랑상품권,0.90,축소,91,94,1인당 월 최대 70만 원까지 구매 금액의 10% 할인 또는 적립,축소,2008-06-11,발행 중,"지류, 모바일(카드)",연중,보편,한국조폐공사,70,10,275,"35,630","2,543",https://www.seocheon.go.kr/kor/sub05_09_01.do,"모바일, 카드 기준이며, 지류 자료 확인불가"
163,4479000000,기초,충청남도,청양군,126.802238,36.459151,청양사랑상품권,0.85,축소,102,83,1인당 월 최대 70만 원까지 구매 금액의 10% 할인 또는 적립,미정,2020-07-01,발행 중,"지류, 카드, 모바일",연중,보편,한국조폐공사,70,10,150,"10,677","1,012",https://localpay.komscochak.com/,-
164,4480000000,기초,충청남도,홍성군,126.660775,36.601324,홍성사랑상품권,1.00,유지,57,124,1인당 월 최대 50만 원까지 구매 금액의 10% 할인 또는 적립,축소,2020-06-01,발행 중,"지류, 모바일, 카드",연중,보편,"한국조폐공사, 농협은행",50,10,400,"55,455","3,566",https://www.hongseong.go.kr/kor/sub05_031001.do,"1월, 4~12월: 10% 할인판매
2~3월: 5% 할인판매"
165,4481000000,기초,충청남도,예산군,126.504073,36.4051165,예산사랑상품권,0.99,축소,67,118,1인당 월 최대 70만 원까지 구매 금액의 10% 할인 또는 적립,유지,1999-12-01,발행 중,"지류, 모바일",연중,보편,한국조폐공사,70,10,356,"25,248","3,276",https://www.yesan.go.kr/kor/sub05_03_09_01.do,-
166,4482500000,기초,충청남도,태안군,126.297913,36.74561,태안사랑상품권,0.85,축소,101,84,1인당 월 최대 50만 원까지 구매 금액의 10% 할인 또는 적립,축소,2002-01-01,발행 중,"지류, 카드, 모바일",연중,보편,한국조폐공사,50,10,458,"30,852","2,523",https://www.taean.go.kr/area/sub01_10_01.do,-
167,4511000000,기초,전라북도,전주시,127.14805,35.824171,전주사랑상품권,1.00,유지,57,124,1인당 월 최대 50만 원까지 구매 금액의 10% 적립,미정,2020-11-02,발행 중,카드,연중,보편,"전북은행, KIS정보통신",50,10,"2,400","321,230","30,996",https://www.jeonju.go.kr/index.9is?contentUid=9be517a7740efb7e01754daa51d640bf&subPath=,-
168,4513000000,기초,전라북도,군산시,126.736875,35.9676263,군산사랑상품권,0.95,축소,75,110,1인당 월 최대 50만 원까지 구매 금액의 10% 할인 또는 적립,축소,2018-09-03,발행 중,"지류,모바일,카드",연중,보편,한국조폐공사,50,10,"3,850","202,192","12,642",https://www.gunsan.go.kr/main/m303,-
169,4514000000,기초,전라북도,익산시,126.957786,35.948295,"익산다이로움, 익산사랑상품권",0.92,축소,80,105,1인당 월 최대 70만 원까지 구매 금액의 10% 적립,축소,2020-01-17,발행 중,"모바일,카드",연중,보편,KT,70,10,"5,300","231,983","16,442",https://www.iksan.go.kr/index.iksan?menuCd=DOM_000002004015001000,"2023년도 행안부 지침으로 인센티브 구매한도 100만원에서 70만원으로 축소 및 보유한도 최대 150만원, 혜택제공 최대 10%이내로 하여 발행량 감소 예상"
170,4518000000,기초,전라북도,정읍시,126.856038,35.569867,정읍사랑상품권,0.75,축소,125,59,1인당 월 최대 100만 원까지 구매 금액의 10% 할인 또는 적립,유지,2019-12-02,발행 중,"모바일,카드",특정,보편,한국조폐공사,100,10,600,"54,160","5,226",https://www.jeongeup.go.kr/index.jeongeup?menuCd=DOM_000000103009009001,
171,4519000000,기초,전라북도,남원시,127.390438,35.416432,남원사랑상품권,1.08,확대,39,146,1인당 월 최대 70만 원까지 구매 금액의 10% 할인 또는 적립,유지,2019-03-25,발행 중,"지류,모바일,카드",연중,보편,한국조폐공사,70,10,"1,192","27,121","3,712",https://www.namwon.go.kr/index.do?menuCd=DOM_000000203002008001,-
172,4521000000,기초,전라북도,김제시,126.8808375,35.8035917,김제사랑상품권,1.00,축소,62,123,1인당 월 최대 70만 원까지 구매 금액의 10% 할인 또는 적립,축소,2000-11-30,발행 중,"지류,모바일,카드",연중,보편,나이스정보통신,70,10,920,"89,795","3,914",https://www.gimje.go.kr/index.gimje?menuCd=DOM_000000106001001000,"2019년은 전산화 20.07.이전으로 사용자 수, 가맹점 수 확인불가"
173,4571000000,기초,전라북도,완주군,127.162019,35.904708,완주사랑상품권,0.52,축소,167,18,1인당 월 최대 30만 원까지 구매 금액의 10% 할인 또는 적립,유지,2015-05-01,발행 중,"지류,카드",-,-,농협,30,0,160,"15,577","3,113",https://www.wanju.go.kr/index.wanju?menuCd=DOM_000000104003009001,-
174,4572000000,기초,전라북도,진안군,127.424875,35.7917621,진안고원 행복상품권,1.27,확대,16,169,1인당 월 최대 50만 원까지 구매 금액의 10% 할인 또는 적립,유지,2019-01-31,발행 중,진안고원행복지류,연중,보편,한국조폐공사,50,10,150,"11,218",762,https://www.jinan.go.kr/index.jinan?menuCd=DOM_000000109002009001,-
175,4573000000,기초,전라북도,무주군,127.660818,36.00681,무주사랑상품권,0.89,축소,93,92,1인당 월 최대 70만 원까지 구매 금액의 10% 할인 또는 적립,축소,2019-07-01,발행 중,"지류, 카드, 모바일",연중,보편,나이스정보통신,70,10,400,"21,522","1,254",https://www.muju.go.kr/index.9is?contentUid=ff8080816c5f9d47016cbd99e9360343,-
176,4574000000,기초,전라북도,장수군,127.5215208,35.647366,장수사랑상품권,0.47,축소,175,10,1인당 월 최대 50만 원까지 구매 금액의 10% 할인 또는 적립,축소,2005-07-01,발행 중,"지류, 카드",연중,보편,한국조폐공사,50,10,200,"1,095,750","1,080",장수군 분야별정보 > 산업경제 > 장수사랑상품권 > 상품권안내 (jangsu.go.kr),-
177,4575000000,기초,전라북도,임실군,127.2890774,35.6178286,임실사랑상품권,0.60,축소,159,26,1인당 월 최대 30만 원까지 구매 금액의 10% 할인 또는 적립,축소,2012-07-01,발행 중,"지류, 카드, 모바일",연중,보편,한국조폐공사,30,10,200,"16,795","1,144",https://www.imsil.go.kr/index.imsil?menuCd=DOM_000000104002010000,-
178,4577000000,기초,전라북도,순창군,127.137489,35.374476,순창사랑상품권,1.36,확대,12,173,1인당 월 최대 70만 원까지 구매 금액의 10% 할인 또는 적립,유지,2019-08-01,발행 중,"종이,모바일,카드",연중,보편,조폐공사,70,10,300,"13,926","1,118",https://www.sunchang.go.kr/index.sunchang?menuCd=DOM_000000105002008000,"대행사 변경으로 인한 정확한 가입자 수 집계 불가, 사용자 수는 집계가능한 모바일 상품권 사용자 수로 산정 →2019년도는 종이상품권만 발행"
179,4579000000,기초,전라북도,고창군,126.701973,35.435836,고창사랑상품권,1.57,확대,6,179,1인당 월 최대 50만 원까지 구매 금액의 10% 할인 또는 적립,축소,2019-07-01,발행 중,고향사랑페이,연중,보편,나이스정보통신,50,10,865,"48,775","2,900",http://www.gochang.go.kr/index.gochang?menuCd=DOM_000000104003001011&cpath=,-
180,4580000000,기초,전라북도,부안군,126.733199,35.731755,부안사랑상품권,0.87,축소,96,89,1인당 월 최대 50만 원까지 구매 금액의 10% 할인 또는 적립,유지,2019-07-01,발행 중,카드,연중,보편,나이스정보통신,50,0,320,"42,241","2,746",https://www.buan.go.kr/index.buan?menuCd=DOM_000000104003007003,-
181,4611000000,기초,전라남도,목포시,126.3923375,34.811875,목포사랑상품권,1.33,확대,13,171,1인당 월 최대 70만 원까지 구매 금액의 10% 할인 또는 적립,축소,2019-09-01,발행 중,"지류, 카드, 모바일",연중,보편,"한국조폐공사, 광주은행",70,10,800,"1,319,385","8,518",https://www.mokpo.go.kr/www/industry_economy/voucher/voucher,연 매출 30억 이상 가맹점 조정 여부
182,4613000000,기초,전라남도,여수시,127.662313,34.760425,"여수사랑상품권/
섬섬여수페이",0.43,축소,176,9,"카드는 1인당 월 최대 50만 원까지 구매 금액의 10%,지류는 1인당 월 최대 50만 원까지 구매금액의 6% 할인 또는 적립",확대,2000-04-01,발행 중,"지류, 카드",연중,보편,한국조폐공사,50,10,700,"80,235","8,467",https://www.yeosu.go.kr/www/sphere/industry/consumer/voucher,"2019~21년 상품권 시스템 이전으로 확인 불가, 평시 6%, 명절 10% 특별할인, 추진('23. 8. ~카드형 상시 10% 할인 추진)"
183,4615000000,기초,전라남도,순천시,127.487243,34.9506984,순천사랑상품권,1.05,확대,50,135,1인당 월 최대 50만 원까지 구매 금액의 10% 할인 또는 적립,축소,2018-04-01,발행 중,"지류, 모바일, 카드",연중,선별,한국조폐공사,50,10,"1,520","1,234,141","13,713",https://www.suncheon.go.kr/kr/life/0001/0001/0002/,이용자수 1백만 명 이상? 확인 필요
184,4617000000,기초,전라남도,나주시,126.710814,35.015814,나주사랑상품권,0.61,축소,157,28,1인당 월 최대 50만 원까지 구매 금액의 10% 할인 또는 적립,축소,2007-02-01,발행 중,"지류,모바일,카드",연중,보편,한국조폐공사,50,10,800,"62,184","5,138",https://www.naju.go.kr/www/field_info/economy/gift,"2019년은 9월부터 사용자통계(집계) 시작으로, 실 사용자 수 파악이 어려움"
185,4623000000,기초,전라남도,광양시,127.6958987,34.9406575,광양사랑상품권,0.48,축소,171,14,1인당 월 최대 150만 원까지 구매 금액의 10% 할인 또는 적립,확대,2022-08-19,발행 중,지류,연중,보편,한국조폐공사,150,10,600,"34,777","6,522",https://gwangyang.go.kr/board.es?mid=a11206140000&bid=0115,2019~2020년 카드 상품권 누적 이용자 확인불가
186,4671000000,기초,전라남도,담양군,126.988175,35.321175,담양사랑상품권,0.37,축소,177,8,1인당 월 최대 50만 원까지 구매 금액의 10% 할인 또는 적립,축소,2020-08-17,발행 중,"지류,모바일,카드",연중,보편,"한국조폐공사. 
한국간편결제진흥원(제로페이)",50,10,190,"21,758","1,478",https://atmo74.tistory.com/611,카드+모바일 21.7.~ 협약
187,4672000000,기초,전라남도,곡성군,127.2919779,35.2820169,곡성심청상품권,1.12,확대,30,155,1인당 월 최대 70만 원까지 구매 금액의 10% 할인 또는 적립,축소,2001-09-01,발행 중,"지류, 모바일",연중,보편,"한국조폐공사, 한국간편결제진흥원",70,10,300,"8,246","1,221",https://www.gokseong.go.kr/kr/subPage.do?menuNo=103009006001,"카드형 없음, 지류형 - 이용자 수 추출 불가"
188,4673000000,기초,전라남도,구례군,127.4629375,35.2025096,"구례사랑상품권, 구례사랑카드",1.45,확대,8,177,1인당 월 최대 70만 원까지 구매 금액의 10% 할인 또는 적립,축소,2013-03-01,발행 중,"지류, 카드",연중,보편,한국조폐공사,70,10,120,"24,810",885,https://www.gurye.go.kr/kr/subPage.do?menuNo=117001005001,"시스템 도입 2020년, 예산 계획은 증가 계획이었으나, 담당자는 연말까지 구매액이 줄어서 실제 발행액은 축소될 것으로 전망함"
189,4677000000,기초,전라남도,고흥군,127.275507,34.6047049,고흥사랑상품권,0.63,축소,154,31,1인당 월 최대 50만 원까지 구매 금액의 10% 할인 또는 적립,축소,2019-10-23,발행 중,"지류, 카드, 모바일",연중,보편,한국조폐공사,50,10,400,"6,460","2,370",https://www.goheung.go.kr/economy/contentsView.do?pageId=economy36,지류형 상품권 누적 이용자 확인 불가
190,4678000000,기초,전라남도,보성군,127.080088,34.771458,보성사랑상품권,0.87,축소,97,88,1인당 월 최대 70만 원까지 구매금액의 10%할인 또는 적립,유지,2019-09-01,발행 중,"지류, 카드",연중,보편,한국조폐공사,70,10,372,"27,740",100,https://www.boseong.go.kr/www/industry_economy/economy/voucher,-
191,4679000000,기초,전라남도,화순군,126.9864771,35.0645238,화순사랑상품권,0.71,축소,135,50,1인당 월 최대 50만 원까지 구매 금액의 10% 할인 또는 적립,미정,2019-08-28,발행 중,"지류, 카드",연중,보편,한국조폐공사,50,10,700,"19,873","2,806",https://www.hwasun.go.kr/contents.do?S=S01&M=051001000000,-
192,4680000000,기초,전라남도,장흥군,126.9070507,34.681622,정남진장흥사랑상품권,0.75,축소,125,59,1인당 월 최대 50만 원까지 구매 금액의 10% 할인 또는 적립,미정,2019-11-01,발행 중,"지류, 카드",특정,보편,한국조폐공사,50,10,150,"52,160","1,545",https://www.jangheung.go.kr/www/regional_economy/gift_certificate,"2021. 8월 운영대행사 변경으로 이전 자료 파악 불가, 지류의 경우, 가입자 수를 알 수 없어 구매자 수로 집계, 2023년 국비 지원방향:
할인보전금(5%) 지원으로 지방비 부담 완화"
193,4681000000,기초,전라남도,강진군,126.7672,34.64209,강진사랑상품권,0.58,축소,161,24,1인당 월 70만 원까지 구매 금액의 10% 할인 또는 적립,확대,2012-01-01,발행 중,"지류, 카드, 모바일",연중,보편,"한국조폐공사(지류/카드), 한국간판결제진흥원(모바일)",70,10,300,"15,386","1,402",https://www.gangjin.go.kr/www/part/industrial_economy/giftcard,○ 전년도 대비 예산 확대 ○ 2023년 2월 행정안전부 지역사랑상품권 지침 관련 정책변경으로 예산 추이 미정
194,4682000000,기초,전라남도,해남군,126.5994353,34.5740398,해남사랑상품권,0.77,축소,121,64,1인당 월 70만 원까지 구매 금액의 10% 할인 또는 적립,축소,2019-04-13,발행 중,"지류, 모바일, 카드",연중,보편,한국조폐공사,70,10,"1,200","43,136","3,799",https://www.haenam.go.kr/index.9is?contentUid=18e3368f818adfc901818f4d043d2e78,"2019~20년 운영사 변경으로 확인 불가, 상품권 종류별 중복구매 제외"
195,4683000000,기초,전라남도,영암군,126.6967961,34.8001638,영암사랑상품권,0.67,축소,153,32,1인당 월 최대 70만 원까지 구매 금액의 10% 할인 또는 적립,유지,2007-02-01,발행 중,"지류, 모바일, 카드",발행일로부터 5년 이내,보편,"한국조폐공사(지류, 카드), 한국간편결제진흥원(모바일)",70,10,400,"17,041","1,684",https://www.yeongam.go.kr/home/www/info_area/life_11/life_11_07/yeongam.go,시스템상 이용자 수 산출 불가
196,4684000000,기초,전라남도,무안군,126.4817117,34.9904886,무안사랑상품권,0.79,축소,116,69,1인당 월 최대 50만 원까지 구매 금액의 10% 할인 또는 적립,축소,2019-07-10,발행 중,지류,연중,보편,한국조폐공사,50,10,"1,000","30,088","4,066",https://www.muan.go.kr/www/information/industry/muan_voucher/voucher_outline,"지류형은 자료는 알 수 없음
'23. 4월부터 1인 월 50만 원까지로 구매 한도 변경"
197,4686000000,기초,전라남도,함평군,126.5165816,35.065929,함평사랑상품권,1.14,확대,27,158,1인당 월 최대 100만 원까지 구매 금액의 10% 할인 또는 적립,유지,2011-02-16,발행 중,"지류, 모바일(QR+카드)",발행일로부터 5년,보편,한국조폐공사,100,10,400,"27,102","1,002",https://www.hampyeong.go.kr/contentsView.do?pageId=www148,2023년 3월 기준 이용자 수 추출 불가
198,4687000000,기초,전라남도,영광군,126.5120143,35.2772127,영광사랑상품권,0.60,축소,158,27,1인당 월 최대 20만 원까지 구매 금액의 10%할인 또는 적립,축소,2019-01-01,발행 중,"지류, 카드",연중,보편,"코나아이, ITS&G",50,10,400,"57,291","3,180",https://www.yeonggwang.go.kr/subpage/?site=headquarter_new&mn=9403&mode=edit&pg_idx=6734,-
199,4688000000,기초,전라남도,장성군,126.784814,35.301943,장성사랑상품권,0.68,축소,147,38,1인당 월 최대 50만 원까지 구매 금액의 10% 할인 또는 적립,축소,2019-10-01,발행 중,지류. 카드,연중,보편,한국조폐공사,50,10,350,"7,815","1,984",https://www.jangseong.go.kr/home/www/comm/giftcard/giftcard_info,"2019~20년 지류형만 사용해서 정보 알 수 없음, 2021~현재 카드형 자료 기준, 상품권 지침 변경으로 당초 발행계획보다 발행액 감소가 예상됨"
200,4689000000,기초,전라남도,완도군,126.7548524,34.3110391,완도사랑상품권,0.96,축소,72,113,"1인당 월 최대 50만 원까지, 연 최대 500만 원까지 구매 금액의 10% 할인 또는 적립",축소,2019-07-01,발행 중,"지류, 카드, 모바일",연중,보편,한국조폐공사,50,10,500,"21,264","2,376",https://www.wando.go.kr/www/industry/wando_sarang,-
201,4690000000,기초,전라남도,진도군,126.263475,34.486818,진도아리랑상품권,0.74,축소,128,57,1인당 월 최대 70만 원까지 구매 금액의 10% 할인 또는 적립,유지,2019-07-01,발행 중,"지류, 카드",연중,보편,한국조폐공사,70,5,240,"5,047","1,526",https://www.jindo.go.kr/home/sub.cs?m=797,"2021. 6. 21. 상품권 통합관리 시스템 변경으로 2019. ~ 2020. 내역 확인 불가, 2019~2020년 지류만 운영으로 사용자 확인 불가
2021. 7월이후 모바일 상품권 사용자 수 작성"
202,4691000000,기초,전라남도,신안군,126.351124,34.833626,1004섬신안상품권,0.82,축소,108,77,1인당 월 최대 70만 원까지 구매 금액의 10% 할인 또는 적립,축소,2019-08-01,발행 중,"지류, 카드",연중,보편,한국조폐공사,70,10,150,"15,764","1,124",https://shinan.go.kr/home/www/dept_info/dept_info_11/page.wscms,"사용자수 확인이 어려움으로 사용건수로 집계 함 ""2023년 누적이용자수 집계
지류(구매건수)+카드(충전건수)"""
203,4711000000,기초,경상북도,포항시,129.3433898,36.0190333,포항사랑상품권,0.90,축소,90,95,1인당 월 최대 50만 원까지 구매 금액의 10% 할인 또는 적립,축소,2017-01-23,발행 중,"지류, 카드",연중,보편,대구은행,70,10,"3,252","235,551","22,242",https://www.pohang.go.kr/giftcard/contents/main/,-
204,4713000000,기초,경상북도,경주시,129.224784,35.856242,경주페이,1.12,확대,31,154,1인당 월 최대 70만 원까지 구매 금액의 7% 적립,미정,2020-06-01,발행 중,"모바일, 카드",연중,보편,코나아이,70,7,"1,760","162,819","13,447",https://www.gyeongju.go.kr/area/page.do?mnu_uid=2905&,-
205,4715000000,기초,경상북도,김천시,128.1136148,36.1397714,김천사랑상품권,0.70,축소,137,48,1인당 월 최대 50만 원까지 구매 금액의 10% 할인 또는 적립,축소,2019-08-01,발행 중,"지류, 카드",연중,보편,코나아이,50,10,"1,251","104,787","5,291",https://www.gc.go.kr/industry/contents.do?mId=0405000000,"카드 발행 2020년부터 이므로, 사용자수는 카드형 사용자 수 기준이며, 2019년에는 카드형 발급 전이라 사용자 수 확인 불가함 또한 지류 사용자수 확인 불가"
206,4717000000,기초,경상북도,안동시,128.7295375,36.568425,안동사랑상품권,1.04,확대,51,134,1인당 월 최대 70만 원까지 구매 금액의 10% 할인 또는 적립,확대,2019-12-06,발행 중,"지류, 모바일,카드",특정,보편,한국조폐공사,70,10,"1,000","108,204","6,282",https://blog.naver.com/andongcity00/222310394713,-
207,4719000000,기초,경상북도,구미시,128.3443,36.1195987,구미사랑상품권,2.50,확대,1,184,1인당 월 최대 40만 원까지 구매 금액의 10% 할인 또는 적립,미정,2019-07-22,발행 중,"지류, 카드",연중,보편,나이스정보통신,40,10,"1,749","202,359","15,537",https://www.gumi.go.kr/gumigift/,-
208,4721000000,기초,경상북도,영주시,128.624063,36.805667,영주사랑상품권,0.90,축소,87,98,1인당 월 최대 60만 원까지 구매 금액의 10% 할인 또는 적립,유지,2019-07-01,발행 중,"지류, 모바일, 카드",연중,보편,한국조폐공사,60,10,900,"43,078","5,522",https://www.yeongju.go.kr,"지류 : 구매자수, 모바일 및 카드: 가입자수, 모바일 사용자 증가"
209,4723000000,기초,경상북도,영천시,128.938613,35.97326,영천사랑상품권,1.05,확대,48,137,1인당 월 최대 월 70만 원까지 구매 금액의 10% 할인 또는 적립,축소,2019-08-01,발행 중,"지류, 카드",연중,보편,"나이스정보통신, 한국조폐공사",70,10,900,"66,000","3,666",https://www.gb.go.kr/Main/open_contents/section/economy2020/page.do?mnu_uid=7388&LARGE_CODE=690&MEDIUM_CODE=80&SMALL_CODE=10&SMALL_CODE2=20&SMALL_CODE3=70,-
210,4725000000,기초,경상북도,상주시,128.159229,36.411002,상주화폐,1.08,확대,38,147,1인당 월 최대 70만 원까지 구매 금액의 10% 할인 또는 적립,유지,2020-07-17,발행 중,"지류, 모바일, 카드",연중,보편,KIS정보통신,70,10,"1,000","49,574","4,695",https://www.sangju.go.kr/page/4286/3050.tc,-
211,4728000000,기초,경상북도,문경시,128.186787,36.586522,문경사랑상품권,0.54,축소,165,20,1인당 월 최대 50만 원까지 구매 금액의 10% 할인 또는 적립,유지,2020-06-01,발행 중,"지류, 모바일, 카드",연중,보편,한국조폐공사,50,10,536,"21,558","3,385",http://www.gbmg.go.kr/portal/contents.do?mId=0601070100,2020년 지류 이용자 수는 시스템 변경으로 알 수 없음
212,4729000000,기초,경상북도,경산시,128.741201,35.82509,경산사랑상품권,1.15,확대,24,161,1인당 월 최대 50만 원까지 구매 금액의 7% 할인 또는 적립,축소,2020-05-15,발행 중,카드,연중,보편,코나아이,50,7,"1,800","245,834","10,471",https://www.gbgs.go.kr/open_content/ko/page.do?mnu_uid=5283,-
213,4772000000,기초,경상북도,군위군,128.572657,36.242945,군위사랑상품권,-,22년 폐지,-,-,1인당 월 최대 50만 원까지 구매 금액의 10% 할인 또는 적립,미발행,2020-06-01,2022-06-20,"지류, 모바일, 카드=",연중,보편,KIS정보통신,-,-,-,-,-,https://www.gunwi.go.kr/ko/page.do?mnu_uid=283&,2023년 7월 1일자로 대구시로 편입됨에 따라 군위사랑상품권은 6월 20일까지만 판매
214,4773000000,기초,경상북도,의성군,128.6971711,36.3527158,의성사랑상품권,2.09,확대,3,182,"카든 1인당 월 최대 30만 원까지 구매 금액의 10%,지류와 모바일은 1인당 월 최대 40만 원까지 구매 금액의 10% 할인 또는 적립",축소,2018-08-22,발행 중,"지류, 모바일, 카드",연중,보편,"한국조폐공사,코나아이",70,10,417,"30,540","3,058",,22. 3월 지류상품권 시스템 변경으로 22년 이전의 연도별 지류 이용자 수 추출불가
215,4775000000,기초,경상북도,청송군,129.0571263,36.4362793,청송사랑화폐,0.70,축소,136,49,1인당 월 최대 100만 원까지 구매 금액의 10% 할인 또는 적립,유지,2023-01-01,발행 중,지류,1년,보편,한국조폐공사,70,10,700,-,"1,422",https://www.cs.go.kr/specialty/00003174/00006603.web,100% 지류 발행
216,4776000000,기초,경상북도,영양군,129.1123839,36.6667174,"영양사랑상품권, 영양사랑카드",0.91,축소,84,101,1인당 월 최대 50만 원까지 구매 금액의 10% 할인 또는 적립,유지,2006-11-08,발행 중,"지류, 카드",연중,보편,한국조폐공사,50,10,94,"2,717",452,https://www.yyg.go.kr/www/welfare/region_economy/gift_certificate,-
217,4777000000,기초,경상북도,영덕군,129.365267,36.415034,영덕사랑상품권,0.84,축소,103,82,"카드는 1인당 월 최대 50만 원까지 구매 금액의 10%,지류는 1인당 월 최대 50만원 까지 구매 금액의 5% 할인 또는 적립",축소,2018-02-02,발행 중,"지류, 카드",특정,보편,한국조폐공사,50,10,150,"18,671","1,917",https://www.yd.go.kr/?p=32095,-
218,4782000000,기초,경상북도,청도군,128.733988,35.647399,청도사랑상품권,1.11,확대,33,152,1인당 월 최대 50만 원까지 구매 금액의 10% 할인 또는 적립,축소,2006-06-13,발행 중,"지류, 모바일, 카드",연중,보편,나이스정보통신,50,10,390,"25,899","2,805",https://www.cheongdo.go.kr/open.content/ko/participation/cheongdo.love/card.guide/,"*월 구매한도는 지류형 상품권 기준으로 함
*누적 이용자 수 = 누적 카드 발급 인원"
219,4783000000,기초,경상북도,고령군,128.263074,35.726177,고령사랑상품권,0.78,축소,119,66,1인당 월 최대 70만 원까지 구매금액의 10% 할인 또는 적립과 적립,유지,1999-06-21,발행 중,고령사랑카드,연중,보편,"한국조폐공사,한국간편결제진흥원",70,10,118,"48,931","1,227",http://www.goryeong.go.kr/kor/contents.do?IDX=40,(행안부지침에 의해 구매 및 보유한도 조정)
220,4784000000,기초,경상북도,성주군,128.282959,35.919175,성주사랑상품권,0.79,축소,115,70,"카드는 1인당 월 최대 50만 원까지 구매 금액의 10%,지류는 1인당 월 최대 20만 원까지 10% 할인 또는 적립",축소,2006-01-01,발행 중,"지류, 카드",연중,보편,한국조폐공사,70,10,233,"16,288","1,395",https://www.sj.go.kr/page.do?mnu_uid=4555&,-
221,4785000000,기초,경상북도,칠곡군,128.401679,35.9955753,칠곡사랑상품권,0.92,축소,79,106,1인당 월 최대 70만 원까지 구매 금액의 10% 할인 또는 적립,축소,2011-01-13,발행 중,"지류, 카드",연중,보편,KT,70,10,560,"94,558","5,017",https://www.chilgok.go.kr/portal/contents.do?mId=0707010000,-
222,4790000000,기초,경상북도,예천군,128.4373552,36.6468844,예천사랑상품권,0.58,축소,160,25,1인당 월 최대 50만 원까지 구매 금액의 10% 할인 또는 적립,축소,2019-07-11,발행 중,"카드,지류, 모바일",연중,보편,한국조폐공사,50,10,240,"19,832","2,196",https://www.ycg.kr/open.content/ko/section/economy/love.gift/guide/,"2019년 나이스정보시스템 계약만료로 조회 불가, 사용자는 꾸준히 증가 하고 있으며, 구매한도 관련 민원과 상품권 발행 규모가 적다는 민원이 많음."
223,4792000000,기초,경상북도,봉화군,128.732503,36.893114,봉화사랑상품권,1.00,유지,57,124,1인당 월 최대 50만 원까지 구매 금액의 10% 할인 또는 적립,유지,2019-07-01,발행 중,"지류, 카드",연중,보편,한국조폐공사,50,10,250,"13,524","1,268",https://www.bonghwa.go.kr/open.content/ko/welfare/industry.economy/bonghwa.love.giftcard/giftcard.info/,-
224,4793000000,기초,경상북도,울진군,129.400394,36.993087,울진사랑카드,1.15,확대,23,162,1인당 월 최대 50만 원까지 구매 금액의 10% 적립,축소,2020-08-03,발행 중,카드,연중,보편,코나아이,100,15,570,"37,929","2,863",https://www.uljin.go.kr/index.uljin?menuCd=DOM_000000106001008000,-
225,4794000000,기초,경상북도,울릉군,130.905697,37.484455,울릉사랑상품권,1.61,확대,5,180,1인당 월 최대 70만 원까지 구매 금액의 10% 할인 또는 적립,유지,2021-06-24,발행 중,"지류, 모바일",연중,보편,한국조폐공사,70,10,29,"4,192",315,https://www.ulleung.go.kr/ko/page.do?mnu_uid=596&,-
226,4811000000,기초,경상남도,창원시,128.6818746,35.2278771,누비전,0.49,축소,170,15,1인당 월 최대 20만 원까지 구매 금액의 7% 할인 또는 적립,축소,2019-08-14,발행 중,"지류, 모바일",연중,보편,"한국조폐공사, 한국간편결제진흥원",20,7,"1,000","292,893","93,988",https://www.changwon.go.kr/biz/contents.do?mId=0605020100,-
227,4817000000,기초,경상남도,진주시,128.107646,35.180325,진주사랑상품권,1.00,유지,57,124,1인당 월 최대 20만 원까지 구매 금액의 10% 할인 또는 적립,축소,2019-09-01,발행 중,"지류, 모바일",연중,보편,"한국간편결제원, NH농협진주시지부",20,10,760,"292,811","26,421",https://www.jinju.go.kr/00134/00611/05412.web,-
228,4822000000,기초,경상남도,통영시,128.433112,34.85439,통영사랑상품권,0.78,축소,120,65,1인당 월 최대 50만 원까지 구매 금액의 10% 할인 또는 적립,유지,2020-02-20,발행 중,"지류, 모바일",특정,보편,"농협은행, 한국간편결제진흥원",50,10,314,"71,119","9,534",https://www.tongyeong.go.kr/00973/01077/04181.web,-
229,4824000000,기초,경상남도,사천시,128.0638649,35.0034774,사천사랑상품권,-,23년부터 발행,-,-,1인당 월 최대 40만 원까지 구매 금액의 10% 할인 또는 적립,유지,2023-01-10,발행 중,"지류, 모바일",연중,보편,"한국조폐공사
(지류,모바일)",40,10,200,"26,370","4,271",https://www.sacheon.go.kr/economy/04371/04372.web,"­23년 1월 10일 최초 발행
-23년 발행규모: 200억
(지류 60억, 모바일 140억)"
230,4825000000,기초,경상남도,김해시,128.889322,35.228574,김해사랑상품권,1.21,확대,20,165,1인당 월 최대 30만 원까지 구매 금액의 7% 할인 또는 적립,축소,2019-08-20,발행 중,모바일,연중,보편,한국간편결제진흥원,30,7,"1,272","162,588","31,328",https://www.gimhae.go.kr/00847/03380/05984.web,"2023.1.~2. 국비미교부로 5% 할인
23.3.부터 국비 교부금액 확정으로 할인율 7% 상향"
231,4827000000,기초,경상남도,밀양시,128.746712,35.503856,밀양사랑상품권,0.97,축소,68,117,"카드는 1인당 월 70만 원까지 구매 금액의 10%, 지류와 모바일은 1인당 월 최대 70만 원까지 구매 금액의 10% 할인 또는 적립",축소,2019-09-01,발행 중,"지류, 모바일, 카드",연중,보편,"한국조폐공사(지류), 한국간편결제진흥원(모바일), 코나아이(카드)",70,10,859,"80,927","6,688",https://www.miryang.go.kr/web/index.do?mnNo=50103010000,"지류상품권은 한국조폐공사시스템 도입(2022.7.) 이후부터 구매자 수 추출, 23년 4월부터 월 구매한도 변경(지류 월 10만원, 모바일 월 10만원, 카드 월 50만원)"
232,4831000000,기초,경상남도,거제시,128.6211703,34.8804572,거제사랑상품권,1.08,확대,40,145,1인당 월 최대 50만 원까지 구매 금액의 10% 할인 또는 적립,유지,2006-01-01,발행 중,"지류, 모바일",연중,보편,"한국조폐공사(지류), 한국간편결제진흥원(모바일)",50,10,"1,600","158,672","19,717",https://www.geoje.go.kr/index.geoje?menuCd=DOM_000008901003003001,지류상품권은 한국조폐공사시스템 도입(2022.7.) 이후부터 구매자 수 추출
233,4833000000,기초,경상남도,양산시,129.037339,35.335049,양산사랑상품권,0.83,축소,106,79,1인당 월 최대 50만 원까지 구매 금액의 7% 할인 또는 적립,축소,2019-01-28,발행 중,카드,연중,보편,코나아이 주식회사,50,7,"2,100","142,706","17,473",https://www.yangsan.go.kr/portal/contents.do?mId=0601060100,"카드형만 발급 중이며, 웹사이트에 양산사랑상품권 운영자금 보유·관리 금액 현황을 공개하고 있음"
234,4872000000,기초,경상남도,의령군,128.261676,35.3222239,의령사랑상품권,1.09,확대,36,149,1인당 월 최대 70만 원까지 구매 금액의 10% 할인 또는 적립,미정,2008-08-01,발행 중,"지류, 모바일, 카드",연중,보편,"한국조폐공사, 한국간편결제원",75,10,120,"3,980","1,003",https://www.uiryeong.go.kr/board/view.uiryeong?boardId=BBS_0000085&menuCd=DOM_000000203001001000&dataSid=1084361,작년과 동일한 판매 추이
235,4873000000,기초,경상남도,함안군,128.406595,35.272315,함안사랑상품권,0.68,축소,145,40,1인당 월 최대 30만 원까지 구매 금액의 10% 할인 또는 적립,유지,2008-02-01,발행 중,"지류, 모바일, 카드",연중,보편,"한국조폐공사, 한국간편결제진흥원",30,10,167,"24,559","2,322",https://www.haman.go.kr/02385/07039/07422.web?amode=rn%5Ename,-
236,4874000000,기초,경상남도,창녕군,128.492346,35.544611,창녕사랑상품권,0.96,축소,71,114,1인당 월 최대 50만 원까지 구매 금액의 10% 할인 또는 적립,축소,2020-01-02,발행 중,"지류, 모바일, 카드",연중,보편,한국조폐공사,50,10,350,"11,861","1,952",https://www.cng.go.kr/life/economy/00005431.web,"모바일 및 카드형 창녕사랑상품권 2021년 3월에 도입, 지류 이용자 수 확인불가해 모바일 사용자 수 기준임"
237,4882000000,기초,경상남도,고성군,128.3222643,34.9730975,경남고성사랑상품권,0.72,축소,133,52,"카드와 지류는 1인당 월 최대 30만 원까지 구매 금액의 10%, 모바일은 1인당 월 최대 40만 원까지 구매 금액의 10% 할인 또는 적립",축소,2018-01-01,발행 중,"지류,모바일, 카드",연중,보편,"한국조폐공사(지류,카드), 한국간편결제진흥원(모바일)",70,10,280,"25,835","2,231",https://www.goseong.go.kr/economy/index.goseong?menuCd=DOM_000000502002000000,-
238,4884000000,기초,경상남도,남해군,127.892475,34.837707,남해화폐 화전,0.81,축소,111,74,카드와 지류는 1인당 월 최대 10만 원까지 10% 모바일은 1인당 최대 30만 원까지 10% 할인 또는 적립,축소,2019-09-02,발행 중,"모바일, 카드",연중,보편,"한국조폐공사(지류,카드), 한국간편결제진흥원(모바일)",50,10,200,"28,013","2,180",https://www.namhae.go.kr/depart/Index.do?c=DE0403010000,모바일
239,4885000000,기초,경상남도,하동군,127.751275,35.067333,하동사랑상품권,1.02,확대,55,130,1인당 월 최대 50만 원까지 구매 금액의 10% 할인 또는 적립,축소,2019-08-01,발행 중,"지류
모바일",연중,보편,"한국간편결제진흥원, 주식회사 비즈플레이",50,10,122,"22,791","2,473",https://www.hadong.go.kr/02642/02659.web,-
240,4886000000,기초,경상남도,산청군,127.873458,35.415557,산청사랑상품권,1.12,확대,32,153,1인당 월 최대 40만 원까지 구매 금액의 10% 할인 또는 적립,축소,1999-01-01,발행 중,"지류, 모바일",연중,보편,"한국조폐공사, 한국간편결제진흥원",40,10,229,"23,609","1,523",https://www.sanencheong.com/board/view?id=notice&seq=3747,-
241,4887000000,기초,경상남도,함양군,127.725245,35.520536,함양사랑상품권,1.06,확대,42,143,1인당 월 최대 70만 원까지 구매 금액의 10% 할인 또는 적립,축소,2019-07-01,발행 중,"지류, 모바일",연중,보편,"한국조폐공사(지류), 한국간편결제진흥원(모바일)",70,10,220,"24,737","3,103",https://www.hygn.go.kr/specialty/work/03374.web,-
242,4888000000,기초,경상남도,거창군,127.909538,35.686698,거창사랑상품권,1.54,확대,7,178,1인당 월 최대 30만 원까지 구매 금액의 10% 할인 또는 적립,유지,2019-05-01,발행 중,"지류, 모바일",연중,보편,"한국조폐공사, 한국간편결제진흥원",30,10,217,"15,824","3,140",https://www.geochang.go.kr/business/Index.do?c=BS1401000000,-
243,4889000000,기초,경상남도,합천군,128.165799,35.56666,합천사랑상품권,0.96,축소,70,115,"카드와 모바일은 1인당 월 최대 30만 원까지 구매 금액의 10%, 지류는 1인당 월 최대 30만 원까지 구매 금액의 5% 할인 또는 적립",축소,2011-09-20,발행 중,"지류, 모바일, 카드",연중,-,"한국조폐공사, 한국간편결제진흥원",30,10,117,"20,608","1,922",https://www.hc.go.kr/05752/05908/05983.web,-