지역,인센티브,포인트 지급한도,연간 지급한도,시작일,종료일,기준년월
가평군,10 %,"월 50,000 원",연간 제한 없음,2023-01-01,2023-01-31,2023-01
고양시,-,-,-,-,-,2023-01
과천시,10 %,"월 30,000 원",연간 제한 없음,2023-01-01,2023-01-31,2023-01
광명시,10 %,"월 100,000 원",연간 제한 없음,2023-01-04,2023-01-31,2023-01
광주시,10 %,"월 100,000 원",연간 제한 없음,2023-01-01,2023-01-31,2023-01
구리시,10 %,"월 100,000 원",연간 제한 없음,2023-01-01,예산 소진시 까지,2023-01
군포시,10 %,"월 40,000 원",연간 제한 없음,2023-01-01,2023-01-31,2023-01
김포시,6 %,"월 12,000 원",연간 제한 없음,2023-01-01,예산 소진시 까지,2023-01
남양주시,-,-,-,-,-,2023-01
동두천시,10 %,"월 100,000 원",연간 제한 없음,2023-01-01,2023-01-31,2023-01
부천시,10 %,"월 30,000 원",연간 제한 없음,2023-01-02,2023-01-31,2023-01
성남시,10 %,"월 30,000 원",연간 제한 없음,2023-01-17,예산 소진시 까지,2023-01
수원시,10 %,"월 30,000 원",연간 제한 없음,2023-01-01,예산 소진시 까지,2023-01
시흥시,6 %,"월 18,000 원",연간 제한 없음,2023-01-01,예산 소진시 까지,2023-01
안산시,10 %,"월 20,000 원",연간 제한 없음,2023-01-01,2023-01-31,2023-01
안성시,10 %,"월 80,000 원",연간 제한 없음,2023-01-02,2023-01-31,2023-01
안양시,-,-,-,-,-,2023-01
양주시,10 %,"월 100,000 원",연간 제한 없음,2023-01-04,예산 소진시 까지,2023-01
양평군,10 %,"월 18,000 원",연간 제한 없음,2023-01-01,2023-01-31,2023-01
여주시,10 %,"월 100,000 원",연간 제한 없음,2023-01-01,2023-01-31,2023-01
연천군,10 %,"월 100,000 원",연간 제한 없음,2023-01-01,2023-01-31,2023-01
오산시,10 %,"월 50,000 원",연간 제한 없음,2023-01-01,예산 소진시 까지,2023-01
용인시,10 %,"월 30,000 원",연간 제한 없음,2023-01-01,2023-01-31,2023-01
의왕시,10 %,"월 20,000 원",연간 제한 없음,2023-01-01,예산 소진시 까지,2023-01
의정부시,10 %,"월 40,000 원","연간 400,000 원",2023-01-01,2023-01-31,2023-01
이천시,6 %,"월 42,000 원",연간 제한 없음,2024-01-01,예산 소진시 까지,2023-01
파주시,10 %,"월 30,000 원",연간 제한 없음,2023-01-01,2023-01-31,2023-01
평택시,10 %,"월 30,000 원",연간 제한 없음,2023-01-01,2023-01-31,2023-01
포천시,10 %,"월 70,000 원",연간 제한 없음,2023-01-06,2023-01-31,2023-01
하남시,10 %,"월 20,000 원",연간 제한 없음,2023-01-05,예산 소진시 까지,2023-01
화성시,10 %,"월 30,000 원",연간 제한 없음,2023-01-02,2023-01-31,2023-01
가평군,10 %,"월 50,000 원",연간 제한 없음,2023-02-01,2023-02-28,2023-02
고양시,6 %,"월 12,000 원",연간 제한 없음,2023-02-01,2023-02-28,2023-02
과천시,6 %,"월 12,000 원",연간 제한 없음,2023-02-01,2023-02-28,2023-02
광명시,10 %,"월 40,000 원",연간 제한 없음,2023-02-01,2023-02-28,2023-02
광주시,6 %,"월 30,000 원",연간 제한 없음,2023-02-01,2023-02-28,2023-02
구리시,7 %,"월 35,000 원",연간 제한 없음,2023-02-01,예산 소진시 까지,2023-02
군포시,6 %,"월 6,000 원",연간 제한 없음,2023-02-01,2023-02-28,2023-02
김포시,6 %,"월 12,000 원",연간 제한 없음,2023-02-01,예산 소진시 까지,2023-02
남양주시,10 %,"월 30,000 원",연간 제한 없음,2023-02-01,2023-02-28,2023-02
동두천시,6 %,"월 24,000 원",연간 제한 없음,2023-02-01,예산 소진시 까지,2023-02
부천시,6 %,"월 18,000 원",연간 제한 없음,2023-02-01,2023-02-28,2023-02
성남시,6 %,"월 12,000 원",연간 제한 없음,2023-02-01,2023-02-28,2023-02
수원시,6 %,"월 18,000 원",연간 제한 없음,2023-02-01,2023-02-28,2023-02
시흥시,6 %,"월 18,000 원",연간 제한 없음,2023-02-01,예산 소진시 까지,2023-02
안산시,6 %,"월 12,000 원",연간 제한 없음,2023-02-01,예산 소진시 까지,2023-02
안성시,6 %,"월 30,000 원",연간 제한 없음,2023-02-01,2023-02-28,2023-02
안양시,-,-,-,-,-,2023-02
양주시,6 %,"월 30,000 원",연간 제한 없음,2023-02-01,예산 소진시 까지,2023-02
양평군,6 %,"월 18,000 원",연간 제한 없음,2023-02-01,2023-02-28,2023-02
여주시,6 %,"월 60,000 원",연간 제한 없음,2023-02-01,예산 소진시 까지,2023-02
연천군,6 %,"월 60,000 원",연간 제한 없음,2023-02-01,2023-02-28,2023-02
오산시,6 %,"월 30,000 원",연간 제한 없음,2023-02-01,예산 소진시 까지,2023-02
용인시,6 %,"월 18,000 원",연간 제한 없음,2023-02-01,2023-02-28,2023-02
의왕시,6 %,월 12000 원,연간 제한 없음,2023-02-01,예산 소진시 까지,2023-02
의정부시,6 %,"월 24,000 원","연간 400,000 원",2023-02-01,2023-02-28,2023-02
이천시,6 %,"월 60,000 원",연간 제한 없음,2023-02-01,2023-02-28,2023-02
파주시,10 %,"월 30,000 원",연간 제한 없음,2023-02-01,2023-02-28,2023-02
평택시,10 %,"월 30,000 원",연간 제한 없음,2023-02-01,2023-02-28,2023-02
포천시,10 %,"월 70,000 원",연간 제한 없음,2023-02-01,2023-02-28,2023-02
하남시,6 %,"월 12,000 원",연간 제한 없음,2023-02-01,2023-02-28,2023-02
화성시,10 %,"월 30,000 원",연간 제한 없음,2023-02-01,2023-12-31,2023-02
가평군,10 %,"월 500,000 원",연간 제한 없음,2023-03-01,2023-03-31,2023-03
고양시,6 %,"월 12,000 원",연간 제한 없음,2023-03-01,2023-03-31,2023-03
과천시,6 %,"월 12,000 원",연간 제한 없음,2023-03-01,2023-03-31,2023-03
광명시,10 %,"월 40,000 원",연간 제한 없음,2023-03-01,2023-03-31,2023-03
광주시,6 %,"월 30,000 원",연간 제한 없음,2023-03-01,2023-03-31,2023-03
구리시,7 %,"월 35,000 원",연간 제한 없음,2023-04-01,예산 소진시 까지,2023-03
군포시,6 %,"월 6,000 원",연간 제한 없음,2023-03-01,2023-03-31,2023-03
김포시,6 %,"월 12,000 원",연간 제한 없음,2023-03-01,예산 소진시 까지,2023-03
남양주시,10 %,"월 30,000 원",연간 제한 없음,2023-03-01,2023-03-31,2023-03
동두천시,6 %,"월 24,000 원",연간 제한 없음,2023-03-02,2023-03-31,2023-03
부천시,6 %,"월 18,000 원",연간 제한 없음,2023-03-01,2023-03-31,2023-03
성남시,6 %,"월 12,000 원",연간 제한 없음,2023-03-01,2023-03-31,2023-03
수원시,6 %,"월 18,000 원",연간 제한 없음,2023-03-01,2023-03-31,2023-03
시흥시,6 %,"월 18,000 원",연간 제한 없음,2023-03-01,예산 소진시 까지,2023-03
안산시,6 %,"월 12,000 원",연간 제한 없음,2023-03-01,예산 소진시 까지,2023-03
안성시,6 %,"월 30,000 원",연간 제한 없음,2023-03-01,2023-03-31,2023-03
안양시,-,-,-,-,-,2023-03
양주시,10 %,"월 50,000 원",연간 제한 없음,2023-03-02,2023-03-31,2023-03
양평군,6 %,"월 18,000 원",연간 제한 없음,2023-03-01,2023-03-31,2023-03
여주시,6 %,"월 60,000 원",연간 제한 없음,2023-03-01,예산 소진시 까지,2023-03
연천군,10 %,"월 100,000 원",연간 제한 없음,2023-03-01,2023-03-31,2023-03
오산시,6 %,"월 30,000 원",연간 제한 없음,2023-03-01,예산 소진시 까지,2023-03
용인시,6 %,"월 18,000 원",연간 제한 없음,2023-03-01,2023-03-31,2023-03
의왕시,6 %,"월 12,000 원",연간 제한 없음,2023-03-01,예산 소진시 까지,2023-03
의정부시,6 %,"월 24,000 원","연간 400,000 원",2023-03-01,2023-03-31,2023-03
이천시,6 %,"월 60,000 원",연간 제한 없음,2023-03-01,2023-03-31,2023-03
파주시,10 %,"월 30,000 원",연간 제한 없음,2023-03-01,2023-03-31,2023-03
평택시,6 %,"월 18,000 원",연간 제한 없음,2023-03-01,예산 소진시 까지,2023-03
포천시,10 %,"월 40,000 원",연간 제한 없음,2023-03-01,2023-03-31,2023-03
하남시,6 %,"월 12,000 원",연간 제한 없음,2023-03-01,2023-03-31,2023-03
화성시,10 %,"월 30,000 원",연간 제한 없음,2023-03-01,2023-03-31,2023-03
가평군,10 %,"월 500,000 원",연간 제한 없음,2023-04-01,2023-04-30,2023-04
고양시,6 %,"월 12,000 원",연간 제한 없음,2023-04-01,2023-04-30,2023-04
과천시,6 %,"월 12,000 원",연간 제한 없음,2023-04-01,2023-04-30,2023-04
광명시,10 %,"월 30,000 원",연간 제한 없음,2023-04-01,2023-04-30,2023-04
광주시,6 %,"월 30,000 원",연간 제한 없음,2023-04-01,2023-04-30,2023-04
구리시,7 %,"월 35,000 원",연간 제한 없음,2023-04-01,예산 소진시 까지,2023-04
군포시,6 %,"월 24,000 원",연간 제한 없음,2023-04-01,2023-04-30,2023-04
김포시,6 %,"월 12,000 원",연간 제한 없음,2023-04-01,예산 소진시 까지,2023-04
남양주시,10 %,"월 30,000 원",연간 제한 없음,2023-04-01,2023-04-30,2023-04
동두천시,6 %,"월 24,000 원",연간 제한 없음,2023-04-01,2023-04-30,2023-04
부천시,6 %,"월 18,000 원",연간 제한 없음,2023-04-01,2023-04-30,2023-04
성남시,6 %,"월 12,000 원",연간 제한 없음,2023-04-01,2023-04-30,2023-04
수원시,6 %,"월 18,000 원",연간 제한 없음,2023-04-01,2023-04-30,2023-04
시흥시,6 %,"월 18,000 원",연간 제한 없음,2023-04-01,예산 소진시 까지,2023-04
안산시,6 %,"월 12,000 원",연간 제한 없음,2023-04-01,예산 소진시 까지,2023-04
안성시,6 %,"월 30,000 원",연간 제한 없음,2023-04-01,2023-04-30,2023-04
안양시,-,-,-,-,-,2023-04
양주시,10 %,"월 50,000 원",연간 제한 없음,2023-04-01,2023-04-30,2023-04
양평군,6 %,"월 18,000 원",연간 제한 없음,2023-04-01,2023-04-30,2023-04
여주시,6 %,"월 60,000 원",연간 제한 없음,2023-04-01,예산 소진시 까지,2023-04
연천군,10 %,"월 100,000 원",연간 제한 없음,2023-04-01,2023-04-30,2023-04
오산시,6 %,"월 30,000 원",연간 제한 없음,2023-04-01,예산 소진시 까지,2023-04
용인시,6 %,"월 18,000 원",연간 제한 없음,2023-04-01,2023-04-30,2023-04
의왕시,6 %,"월 12,000 원",연간 제한 없음,2023-04-01,예산 소진시 까지,2023-04
의정부시,6 %,"월 24,000 원","연간 400,000 원",2023-04-01,2023-04-30,2023-04
이천시,6 %,"월 60,000 원",연간 제한 없음,2023-04-01,2023-04-30,2023-04
파주시,10 %,"월 30,000 원",연간 제한 없음,2023-04-01,2023-04-30,2023-04
평택시,6 %,"월 18,000 원",연간 제한 없음,2023-04-01,예산 소진시 까지,2023-04
포천시,10 %,"월 40,000 원",연간 제한 없음,2023-04-01,2023-04-30,2023-04
하남시,6 %,"월 12,000 원",연간 제한 없음,2023-04-01,2023-04-30,2023-04
화성시,10 %,"월 30,000 원",연간 제한 없음,2023-04-01,2023-04-30,2023-04
가평군,10 %,"월 500,000 원",연간 제한 없음,2023-05-01,2023-05-31,2023-05
고양시,6 %,"월 12,000 원",연간 제한 없음,2023-05-01,2023-05-31,2023-05
과천시,6 %,"월 12,000 원",연간 제한 없음,2023-05-01,2023-05-31,2023-05
광명시,10 %,"월 70,000 원",연간 제한 없음,2023-05-01,2023-05-31,2023-05
광주시,6 %,"월 30,000 원",연간 제한 없음,2023-05-01,2023-05-31,2023-05
구리시,10 %,"월 100,000 원",연간 제한 없음,2023-05-01,예산 소진시 까지,2023-05
군포시,6 %,"월 24,000 원",연간 제한 없음,2023-05-01,2023-05-31,2023-05
김포시,6 %,"월 12,000 원",연간 제한 없음,2023-05-01,예산 소진시 까지,2023-05
남양주시,10 %,"월 30,000 원",연간 제한 없음,2023-05-01,2023-05-31,2023-05
동두천시,10 %,"월 40,000 원",연간 제한 없음,2023-05-03,2023-05-31,2023-05
부천시,6 %,"월 18,000 원",연간 제한 없음,2023-05-01,2023-05-31,2023-05
성남시,6 %,"월 12,000 원",연간 제한 없음,2023-05-01,2023-05-31,2023-05
수원시,6 %,"월 18,000 원",연간 제한 없음,2023-05-01,2023-05-31,2023-05
시흥시,6 %,"월 18,000 원",연간 제한 없음,2023-05-01,예산 소진시 까지,2023-05
안산시,7 %,"월 21,000 원","연간 7,200,000 원",2023-05-01,예산 소진시 까지,2023-05
안성시,6 %,"월 30,000 원",연간 제한 없음,2023-05-01,2023-05-31,2023-05
안양시,-,-,-,-,-,2023-05
양주시,10 %,"월 50,000 원",연간 제한 없음,2023-05-01,2023-05-31,2023-05
양평군,6 %,"월 18,000 원",연간 제한 없음,2023-05-01,2023-05-31,2023-05
여주시,10 %,"월 100,000 원",연간 제한 없음,2023-05-01,2023-05-31,2023-05
연천군,10 %,"월 100,000 원",연간 제한 없음,2023-05-01,2023-05-31,2023-05
오산시,6 %,"월 30,000 원",연간 제한 없음,2023-05-01,예산 소진시 까지,2023-05
용인시,6 %,"월 18,000 원",연간 제한 없음,2023-05-01,2023-05-31,2023-05
의왕시,6 %,"월 12,000 원",연간 제한 없음,2023-05-01,예산 소진시 까지,2023-05
의정부시,6 %,"월 24,000 원","연간 400,000 원",2023-05-01,2023-05-31,2023-05
이천시,6 %,"월 60,000 원",연간 제한 없음,2023-05-01,예산 소진시 까지,2023-05
파주시,10 %,"월 30,000 원",연간 제한 없음,2023-05-01,2023-05-31,2023-05
평택시,6 %,"월 18,000 원",연간 제한 없음,2023-04-25,예산 소진시 까지,2023-05
포천시,6 %,"월 24,000 원",연간 제한 없음,2023-05-01,2023-05-31,2023-05
하남시,6 %,"월 12,000 원",연간 제한 없음,2023-05-01,2023-05-31,2023-05
화성시,10 %,"월 30,000 원",연간 제한 없음,2023-05-01,2023-05-31,2023-05
가평군,10 %,"월 500,000 원",연간 제한 없음,2023-06-01,2023-06-30,2023-06
고양시,6 %,"월 12,000 원",연간 제한 없음,2023-06-01,예산 소진시 까지,2023-06
과천시,6 %,"월 12,000 원",연간 제한 없음,2023-06-01,2023-06-30,2023-06
광명시,10 %,"월 30,000 원",연간 제한 없음,2023-06-01,2023-06-30,2023-06
광주시,6 %,"월 30,000 원",연간 제한 없음,2023-06-01,2023-06-30,2023-06
구리시,7 %,"월 35,000 원",연간 제한 없음,2023-06-01,예산 소진시 까지,2023-06
군포시,6 %,"월 24,000 원",연간 제한 없음,2023-06-01,2023-06-30,2023-06
김포시,6 %,"월 12,000 원",연간 제한 없음,2023-06-01,예산 소진시 까지,2023-06
남양주시,10 %,"월 30,000 원",연간 제한 없음,2023-06-01,2023-06-30,2023-06
동두천시,10 %,"월 60,000 원",연간 제한 없음,2023-06-01,2023-06-30,2023-06
부천시,6 %,"월 18,000 원",연간 제한 없음,2023-06-01,2023-06-30,2023-06
성남시,6 %,"월 12,000 원",연간 제한 없음,2023-06-01,2023-06-30,2023-06
수원시,6 %,"월 18,000 원",연간 제한 없음,2023-06-01,2023-06-30,2023-06
시흥시,6 %,"월 18,000 원",연간 제한 없음,2023-06-01,예산 소진시 까지,2023-06
안산시,7 %,"월 21,000 원","연간 7,200,000 원",2023-06-01,예산 소진시 까지,2023-06
안성시,10 %,"월 50,000 원",연간 제한 없음,2023-06-01,2023-06-30,2023-06
안양시,-,-,-,-,-,2023-06
양주시,10 %,"월 50,000 원",연간 제한 없음,2023-06-01,2023-06-30,2023-06
양평군,6 %,"월 18,000 원",연간 제한 없음,2023-06-01,2023-06-30,2023-06
여주시,10 %,"월 100,000 원",연간 제한 없음,2023-06-01,2023-06-30,2023-06
연천군,10 %,"월 100,000 원",연간 제한 없음,2023-06-01,2023-06-30,2023-06
오산시,10 %,"월 30,000 원",연간 제한 없음,2023-06-01,예산 소진시 까지,2023-06
용인시,6 %,"월 18,000 원",연간 제한 없음,2023-06-01,2023-06-30,2023-06
의왕시,6 %,"월 12,000 원",연간 제한 없음,2023-06-01,2023-06-30,2023-06
의정부시,6 %,"월 24,000 원","연간 400,000 원",2023-06-01,2023-06-30,2023-06
이천시,6 %,"월 60,000 원",연간 제한 없음,2023-06-01,예산 소진시 까지,2023-06
파주시,10 %,"월 30,000 원",연간 제한 없음,2023-06-01,2023-06-30,2023-06
평택시,6 %,"월 18,000 원",연간 제한 없음,2023-06-01,예산 소진시 까지,2023-06
포천시,6 %,"월 24,000 원",연간 제한 없음,2023-06-01,2023-06-30,2023-06
하남시,6 %,"월 12,000 원",연간 제한 없음,2023-06-01,2023-06-30,2023-06
화성시,10 %,"월 30,000 원",연간 제한 없음,2023-06-01,2023-06-30,2023-06
가평군,10 %,"월 600,000 원",연간 제한 없음,2023-07-01,예산 소진시 까지,2023-07
고양시,7 %,"월 14,000 원",연간 제한 없음,2023-07-01,2023-07-31,2023-07
과천시,6 %,"월 12,000 원",연간 제한 없음,2023-07-01,2023-07-31,2023-07
광명시,10 %,"월 20,000 원",연간 제한 없음,2023-07-01,2023-07-31,2023-07
광주시,6 %,"월 30,000 원",연간 제한 없음,2023-07-01,2023-07-31,2023-07
구리시,7 %,"월 35,000 원",연간 제한 없음,2023-07-01,예산 소진시 까지,2023-07
군포시,7 %,"월 35,000 원",연간 제한 없음,2023-07-01,2023-07-31,2023-07
김포시,6 %,"월 12,000 원",연간 제한 없음,2023-07-01,예산 소진시 까지,2023-07
남양주시,10 %,"월 30,000 원",연간 제한 없음,2023-07-01,2023-07-31,2023-07
동두천시,10 %,"월 60,000 원",연간 제한 없음,2023-07-01,2023-07-31,2023-07
부천시,7 %,"월 21,000 원",연간 제한 없음,2023-07-01,2023-07-31,2023-07
성남시,6 %,"월 12,000 원",연간 제한 없음,2023-07-01,2023-07-31,2023-07
수원시,7 %,"월 28,000 원",연간 제한 없음,2023-07-01,2023-07-31,2023-07
시흥시,6 %,"월 18,000 원",연간 제한 없음,2023-07-01,예산 소진시 까지,2023-07
안산시,7 %,"월 21,000 원","연간 7,200,000 원",2023-07-01,예산 소진시 까지,2023-07
안성시,10 %,"월 50,000 원",연간 제한 없음,2023-07-01,2023-07-31,2023-07
안양시,-,-,-,-,-,2023-07
양주시,10 %,"월 50,000 원",연간 제한 없음,20230701,예산 소진시 까지,2023-07
양평군,10 %,"월 30,000 원",연간 제한 없음,2023-07-01,2023-07-31,2023-07
여주시,10 %,"월 100,000 원",연간 제한 없음,2023-07-01,2023-07-31,2023-07
연천군,10 %,"월 70,000 원",연간 제한 없음,2023-07-01,2023-07-31,2023-07
오산시,10 %,"월 50,000 원",연간 제한 없음,2023-07-01,예산 소진시 까지,2023-07
용인시,6 %,"월 18,000 원",연간 제한 없음,2023-07-01,2023-07-31,2023-07
의왕시,6 %,"월 12,000 원",연간 제한 없음,2023-07-01,예산 소진시 까지,2023-07
의정부시,6 %,"월 24,000 원",연간 제한 없음,2023-07-01,예산 소진시 까지,2023-07
이천시,10 %,"월 100,000 원",연간 제한 없음,2023-07-01,예산 소진시 까지,2023-07
파주시,10 %,"월 20,000 원",연간 제한 없음,2023-07-01,2023-07-31,2023-07
평택시,6 %,"월 18,000 원",연간 제한 없음,2023-07-01,2023-07-31,2023-07
포천시,6 %,"월 24,000 원",연간 제한 없음,2023-07-01,2023-07-31,2023-07
하남시,6 %,"월 12,000 원",연간 제한 없음,2023-07-01,2023-07-31,2023-07
화성시,10 %,"월 30,000 원",연간 제한 없음,2023-07-01,2023-07-31,2023-07
가평군,10 %,"월 600,000 원",연간 제한 없음,2023-08-02,예산 소진시 까지,2023-08
고양시,7 %,"월 14,000 원",연간 제한 없음,2023-08-01,2023-08-31,2023-08
과천시,6 %,"월 12,000 원",연간 제한 없음,2023-08-01,2023-08-31,2023-08
광명시,10 %,"월 20,000 원",연간 제한 없음,2023-08-01,2023-08-31,2023-08
광주시,6 %,"월 30,000 원",연간 제한 없음,2023-08-01,2023-08-31,2023-08
구리시,7 %,"월 35,000 원",연간 제한 없음,2023-08-01,예산 소진시 까지,2023-08
군포시,7 %,"월 35,000 원",연간 제한 없음,2023-08-01,2023-08-31,2023-08
김포시,6 %,"월 12,000 원",연간 제한 없음,2023-08-01,예산 소진시 까지,2023-08
남양주시,10 %,"월 30,000 원",연간 제한 없음,2023-08-01,2023-08-31,2023-08
동두천시,10 %,"월 60,000 원",연간 제한 없음,2023-08-01,2023-08-31,2023-08
부천시,7 %,"월 21,000 원",연간 제한 없음,2023-08-01,2023-08-31,2023-08
성남시,6 %,"월 12,000 원",연간 제한 없음,2023-08-01,2023-08-31,2023-08
수원시,7 %,"월 28,000 원",연간 제한 없음,2023-08-01,2023-08-31,2023-08
시흥시,7 %,"월 21,000 원",연간 제한 없음,2023-08-01,예산 소진시 까지,2023-08
안산시,7 %,"월 21,000 원","연간 7,200,000 원",2023-08-01,예산 소진시 까지,2023-08
안성시,10 %,"월 50,000 원",연간 제한 없음,2023-08-01,2023-08-31,2023-08
안양시,-,-,-,-,-,2023-08
양주시,10 %,"월 20,000 원",연간 제한 없음,2023-08-01,예산 소진시 까지,2023-08
양평군,10 %,"월 30,000 원",연간 제한 없음,2023-08-01,2023-08-31,2023-08
여주시,10 %,"월 100,000 원",연간 제한 없음,2023-08-01,2023-08-31,2023-08
연천군,10 %,"월 70,000 원",연간 제한 없음,2023-08-01,2023-08-31,2023-08
오산시,10 %,"월 50,000 원",연간 제한 없음,2023-08-01,예산 소진시 까지,2023-08
용인시,6 %,"월 18,000 원",연간 제한 없음,2023-08-01,2023-08-31,2023-08
의왕시,6 %,"월 12,000 원",연간 제한 없음,2023-08-01,예산 소진시 까지,2023-08
의정부시,6 %,"월 24,000 원",연간 제한 없음,2023-08-01,예산 소진시 까지,2023-08
이천시,10 %,"월 100,000 원",연간 제한 없음,2023-08-01,예산 소진시 까지,2023-08
파주시,10 %,"월 20,000 원",연간 제한 없음,2023-08-01,2023-08-31,2023-08
평택시,6 %,"월 18,000 원",연간 제한 없음,2023-08-01,2023-08-31,2023-08
포천시,6 %,"월 24,000 원",연간 제한 없음,2023-08-01,2023-08-31,2023-08
하남시,6 %,"월 12,000 원",연간 제한 없음,2023-08-01,2023-08-31,2023-08
화성시,10 %,"월 30,000 원",연간 제한 없음,2023-08-01,2023-08-31,2023-08
가평군,10 %,"월 60,000 원",연간 제한 없음,2023-09-01,2023-09-30,2023-09
고양시,7 %,"월 14,000 원",연간 제한 없음,2023-09-01,2023-09-30,2023-09
과천시,10 %,"월 30,000 원",연간 제한 없음,2023-09-01,2023-09-30,2023-09
광명시,10 %,"월 50,000 원",연간 제한 없음,2023-09-01,2023-09-30,2023-09
광주시,10 %,"월 50,000 원",연간 제한 없음,2023-09-01,예산 소진시 까지,2023-09
구리시,10 %,"월 100,000 원",연간 제한 없음,2023-09-01,예산 소진시 까지,2023-09
군포시,10 %,"월 40,000 원",연간 제한 없음,2023-09-01,예산 소진시 까지,2023-09
김포시,10 %,"월 20,000 원",연간 제한 없음,2023-09-01,예산 소진시 까지,2023-09
남양주시,10 %,"월 50,000 원",연간 제한 없음,2023-09-01,2023-09-30,2023-09
동두천시,10 %,"월 100,000 원",연간 제한 없음,2023-09-01,2023-09-30,2023-09
부천시,10 %,"월 30,000 원",연간 제한 없음,2023-09-01,2023-09-30,2023-09
성남시,10 %,"월 30,000 원",연간 제한 없음,2023-09-01,2023-10-04,2023-09
수원시,10 %,"월 40,000 원",연간 제한 없음,2023-09-01,2023-09-30,2023-09
시흥시,7 %,"월 21,000 원",연간 제한 없음,2023-09-01,예산 소진시 까지,2023-09
안산시,10 %,"월 30,000 원","연간 7,200,000 원",2023-09-01,예산 소진시 까지,2023-09
안성시,10 %,"월 50,000 원",연간 제한 없음,2023-09-01,2023-09-30,2023-09
안양시,-,-,-,-,-,2023-09
양주시,10 %,"월 70,000 원",연간 제한 없음,2023-09-27,예산 소진시 까지,2023-09
양평군,10 %,"월 30,000 원",연간 제한 없음,2023-09-01,2023-09-30,2023-09
여주시,10 %,"월 70,000 원",연간 제한 없음,2023-09-01,예산 소진시 까지,2023-09
연천군,10 %,"월 70,000 원",연간 제한 없음,2023-09-01,예산 소진시 까지,2023-09
오산시,10 %,"월 50,000 원",연간 제한 없음,2023-09-01,예산 소진시 까지,2023-09
용인시,10 %,"월 50,000 원",연간 제한 없음,2023-09-01,2023-09-30,2023-09
의왕시,10 %,"월 20,000 원",연간 제한 없음,2023-09-01,예산 소진시 까지,2023-09
의정부시,10 %,"월 40,000 원",연간 제한 없음,2023-09-01,예산 소진시 까지,2023-09
이천시,10 %,"월 100,000 원",연간 제한 없음,2023-09-01,예산 소진시 까지,2023-09
파주시,10 %,"월 20,000 원",연간 제한 없음,2023-09-01,2023-09-30,2023-09
평택시,7 %,"월 35,000 원",연간 제한 없음,2023-09-01,2023-09-30,2023-09
포천시,10 %,"월 40,000 원",연간 제한 없음,2023-09-01,2023-09-30,2023-09
하남시,10 %,"월 20,000 원",연간 제한 없음,2023-09-01,2023-09-30,2023-09
화성시,10 %,"월 30,000 원",연간 제한 없음,2023-09-01,2023-09-30,2023-09
가평군,10 %,"월 60,000 원",연간 제한 없음,2023-10-01,2023-10-31,2023-10
고양시,7 %,"월 14,000 원",연간 제한 없음,2023-10-01,예산 소진시 까지,2023-10
과천시,7 %,"월 28,000 원",연간 제한 없음,2023-10-01,2023-10-31,2023-10
광명시,10 %,"월 20,000 원",연간 제한 없음,2023-10-01,2023-10-31,2023-10
광주시,7 %,"월 49,000 원",연간 제한 없음,2023-10-01,예산 소진시 까지,2023-10
구리시,10 %,"월 100,000 원",연간 제한 없음,2023-10-01,예산 소진시 까지,2023-10
군포시,7 %,"월 49,000 원",연간 제한 없음,2023-10-01,2023-10-31,2023-10
김포시,6 %,"월 12,000 원",연간 제한 없음,2023-10-01,예산 소진시 까지,2023-10
남양주시,10 %,"월 30,000 원",연간 제한 없음,2023-10-01,2023-10-31,2023-10
동두천시,10 %,"월 60,000 원",연간 제한 없음,2023-10-01,2023-10-31,2023-10
부천시,7 %,"월 35,000 원",연간 제한 없음,2023-10-01,2023-10-31,2023-10
성남시,6 %,"월 12,000 원",연간 제한 없음,2023-10-07,2023-10-31,2023-10
수원시,7 %,"월 28,000 원",연간 제한 없음,2023-10-01,2023-10-31,2023-10
시흥시,7 %,"월 21,000 원",연간 제한 없음,2023-10-01,예산 소진시 까지,2023-10
안산시,7 %,"월 21,000 원","연간 7,200,000 원",2023-10-01,예산 소진시 까지,2023-10
안성시,10 %,"월 50,000 원",연간 제한 없음,2023-10-01,2023-10-31,2023-10
안양시,-,-,-,-,-,2023-10
양주시,10 %,"월 70,000 원",연간 제한 없음,2023-10-31,예산 소진시 까지,2023-10
양평군,10 %,"월 30,000 원",연간 제한 없음,2023-10-01,2023-10-31,2023-10
여주시,10 %,"월 70,000 원",연간 제한 없음,2023-10-01,예산 소진시 까지,2023-10
연천군,10 %,"월 70,000 원",연간 제한 없음,2023-10-01,예산 소진시 까지,2023-10
오산시,10 %,"월 50,000 원",연간 제한 없음,2023-10-01,예산 소진시 까지,2023-10
용인시,10 %,"월 50,000 원",연간 제한 없음,2023-10-01,2023-10-31,2023-10
의왕시,7 %,"월 35,000 원",연간 제한 없음,2023-10-01,예산 소진시 까지,2023-10
의정부시,6 %,"월 24,000 원",연간 제한 없음,2023-10-01,예산 소진시 까지,2023-10
이천시,10 %,"월 70,000 원",연간 제한 없음,2023-10-01,예산 소진시 까지,2023-10
파주시,10 %,"월 20,000 원",연간 제한 없음,2023-10-01,2023-10-31,2023-10
평택시,7 %,"월 35,000 원",연간 제한 없음,2023-10-01,2023-10-31,2023-10
포천시,10 %,"월 40,000 원",연간 제한 없음,2023-10-01,2023-10-31,2023-10
하남시,6 %,"월 24,000 원",연간 제한 없음,2023-10-01,2023-10-31,2023-10
화성시,10 %,"월 30,000 원",연간 제한 없음,2023-10-01,2023-10-31,2023-10
가평군,10 %,"월 60,000 원",연간 제한 없음,2023-11-01,예산 소진시 까지,2023-11
고양시,7 %,"월 21,000 원",연간 제한 없음,2023-11-01,2023-11-30,2023-11
과천시,7 %,"월 28,000 원",연간 제한 없음,2023-11-01,2023-11-30,2023-11
광명시,10 %,"월 20,000 원",연간 제한 없음,2023-11-01,예산 소진시 까지,2023-11
광주시,7 %,"월 49,000 원",연간 제한 없음,2023-11-01,2023-11-30,2023-11
구리시,7 %,"월 35,000 원",연간 제한 없음,2023-11-01,예산 소진시 까지,2023-11
군포시,7 %,"월 49,000 원",연간 제한 없음,2023-11-01,2023-11-30,2023-11
김포시,6 %,"월 12,000 원",연간 제한 없음,2023-11-01,예산 소진시 까지,2023-11
남양주시,10 %,"월 30,000 원",연간 제한 없음,2023-11-01,예산 소진시 까지,2023-11
동두천시,10 %,"월 60,000 원",연간 제한 없음,2023-11-01,2023-11-30,2023-11
부천시,7 %,"월 35,000 원",연간 제한 없음,2023-11-01,2023-11-30,2023-11
성남시,6 %,"월 12,000 원",연간 제한 없음,2023-11-01,2023-11-30,2023-11
수원시,7 %,"월 35,000 원",연간 제한 없음,2023-11-01,2023-11-30,2023-11
시흥시,7 %,"월 21,000 원",연간 제한 없음,2023-11-01,예산 소진시 까지,2023-11
안산시,7 %,"월 21,000 원","연간 7,200,000 원",2023-11-01,예산 소진시 까지,2023-11
안성시,7 %,"월 35,000 원",연간 제한 없음,2023-11-01,2023-11-30,2023-11
안양시,-,-,-,-,-,2023-11
양주시,7 %,"월 35,000 원",연간 제한 없음,2023-11-01,2023-11-30,2023-11
양평군,10 %,"월 30,000 원",연간 제한 없음,2023-11-01,2023-11-30,2023-11
여주시,10 %,"월 70,000 원",연간 제한 없음,2023-11-01,예산 소진시 까지,2023-11
연천군,10 %,"월 70,000 원",연간 제한 없음,2023-11-01,2023-11-30,2023-11
오산시,10 %,"월 50,000 원",연간 제한 없음,2023-11-01,예산 소진시 까지,2023-11
용인시,10 %,"월 50,000 원",연간 제한 없음,2023-11-01,2023-11-30,2023-11
의왕시,7 %,"월 35,000 원",연간 제한 없음,2023-11-01,예산 소진시 까지,2023-11
의정부시,6 %,"월 24,000 원",연간 제한 없음,2023-11-01,예산 소진시 까지,2023-11
이천시,10 %,"월 70,000 원",연간 제한 없음,2023-11-01,예산 소진시 까지,2023-11
파주시,10 %,"월 20,000 원",연간 제한 없음,2023-11-01,2023-11-30,2023-11
평택시,7 %,"월 35,000 원",연간 제한 없음,2023-11-01,2023-11-30,2023-11
포천시,10 %,"월 40,000 원",연간 제한 없음,2023-11-01,2023-11-30,2023-11
하남시,7 %,"월 49,000 원",연간 제한 없음,2023-11-01,2023-11-30,2023-11
화성시,10 %,"월 30,000 원",연간 제한 없음,2023-11-01,2023-11-30,2023-11
가평군,10 %,"월 60,000 원",연간 제한 없음,2023-12-01,예산 소진시 까지,2023-12
고양시,-,-,-,-,-,2023-12
과천시,7 %,"월 28,000 원",연간 제한 없음,2023-11-30,2023-12-31,2023-12
광명시,0 %,월 0 원,연간 제한 없음,2023-12-01,예산 소진시 까지,2023-12
광주시,-,-,-,-,-,2023-12
구리시,-,-,-,-,-,2023-12
군포시,7 %,"월 49,000 원",연간 제한 없음,2023-12-01,2023-12-31,2023-12
김포시,-,-,-,-,-,2023-12
남양주시,-,-,-,-,-,2023-12
동두천시,7 %,"월 49,000 원",연간 제한 없음,2023-12-01,2023-12-31,2023-12
부천시,10 %,"월 50,000 원",연간 제한 없음,2023-12-01,2023-12-31,2023-12
성남시,-,-,-,-,-,2023-12
수원시,6 %,"월 24,000 원",연간 제한 없음,2023-12-01,2023-12-31,2023-12
시흥시,7 %,"월 42,000 원",연간 제한 없음,2023-12-01,예산 소진시 까지,2023-12
안산시,10 %,"월 30,000 원","연간 7,200,000 원",2023-12-01,예산 소진시 까지,2023-12
안성시,-,-,-,-,-,2023-12
안양시,-,-,-,-,-,2023-12
양주시,-,-,-,-,-,2023-12
양평군,-,-,-,-,-,2023-12
여주시,10 %,"월 70,000 원",연간 제한 없음,2023-12-01,2023-12-31,2023-12
연천군,-,-,-,-,-,2023-12
오산시,-,-,-,-,-,2023-12
용인시,10 %,"월 50,000 원",연간 제한 없음,2023-12-01,2023-12-31,2023-12
의왕시,-,-,-,-,-,2023-12
의정부시,10 %,"월 40,000 원",연간 제한 없음,2023-12-01,예산 소진시 까지,2023-12
이천시,10 %,"월 70,000 원",연간 제한 없음,2023-12-01,예산 소진시 까지,2023-12
파주시,10 %,"월 20,000 원",연간 제한 없음,2023-12-01,2023-12-31,2023-12
평택시,-,-,-,-,-,2023-12
포천시,-,-,-,-,-,2023-12
하남시,7 %,"월 49,000 원",연간 제한 없음,2023-12-01,2023-12-31,2023-12
화성시,-,-,-,-,-,2023-12
